,P&R Ball Handler,Spot-Up,Transition,ISO,Post-Up,P&R Roll Man,Cut,Offensive Rebound,Off Screen,Hand Off,Total
Dwyane Wade,4872,818,1207,1149,1232,26,484,437,396,364,10985
Danny Green,751,2193,1168,127,42,21,212,350,512,282,5658
Lebron James,863,199,477,612,514,64,121,92,86,7,3035
Kawhi Leonard,3109,1734,1487,1471,1223,60,310,605,523,463,10985
Tim Duncan,6,280,169,98,1235,757,635,556,52,13,3801
Tony Parker,6060,796,855,696,31,0,119,97,307,329,9290
Chris Bosh,17,1019,198,429,487,725,282,236,218,29,3640
Manu Ginobili,2767,1038,515,332,32,11,209,165,294,346,5709
Ray Allen,212,278,115,48,11,12,19,35,228,5,963
Rashard Lewis,6,205,44,7,34,40,10,29,15,0,390
Boris Diaw,125,804,253,159,1051,367,278,308,61,37,3443
Patrick Mills,730,379,217,62,0,0,58,64,125,89,1724
Tiago Splitter,2,48,108,21,313,264,406,335,1,4,1502
Shane Battier,4,239,28,14,5,25,12,37,5,1,370
Norris Cole,1806,586,387,161,2,9,46,43,45,116,3201
Marco Belinelli,1586,1413,640,100,13,17,432,109,1039,715,6064
Udonis Haslem,2,199,59,14,29,150,174,171,11,4,813
Chris Andersen,0,86,49,31,16,195,309,310,4,0,1000
Mario Chalmers,2582,741,506,232,7,14,89,104,157,175,4607
Michael Beasley,136,598,314,550,429,295,212,232,123,64,2953
Aron Baynes,4,307,153,27,467,645,661,781,24,12,3081
Cory Joseph,3760,1048,625,536,30,7,116,294,116,243,6775
James Jones,19,445,102,12,14,71,8,30,103,30,834
Jeff Ayres,0,30,44,6,65,93,161,157,1,1,558
Toney Douglas,735,234,186,108,0,0,40,61,25,77,1466
Matt Bonner,3,371,54,5,6,61,24,49,22,7,602
Kevin Durant,3862,1241,2237,2294,1480,411,532,288,1416,345,14106
Reggie Jackson,6863,995,1103,1022,34,9,127,285,117,328,10883
Serge Ibaka,7,1941,908,292,810,2051,791,1091,158,31,8080
Russell Westbrook,9795,1155,3599,3348,1625,17,273,920,196,411,21339
Steven Adams,10,21,422,22,1216,1222,1136,1967,6,1,6023
Jeremy Lamb,2396,1061,684,521,31,10,259,273,601,340,6176
Derek Fisher,170,222,76,44,3,0,3,18,43,23,602
David West,13,646,201,276,1312,839,461,484,163,15,4410
Lance Stephenson,2777,954,718,932,151,2,201,315,145,155,6350
Paul George,3951,1384,1833,1921,644,168,308,451,1656,487,12803
Roy Hibbert,4,245,66,62,1411,393,431,643,45,5,3305
George Hill,3913,1054,834,470,112,31,236,358,318,315,7641
Luis Scola,6,656,296,39,537,623,274,386,75,11,2903
Chris Copeland,61,239,72,96,94,60,17,37,91,28,795
CJ Watson,899,361,309,130,3,5,58,55,87,48,1955
Donald Sloan,1246,241,211,162,3,0,52,38,24,77,2054
Lavoy Allen,0,252,113,39,243,255,315,555,11,3,1786
Rasual Butler,95,331,169,32,27,5,31,44,180,53,967
Kendrick Perkins,0,28,44,32,187,152,213,245,0,1,902
Nick Collison,3,154,36,29,27,216,243,313,16,4,1041
Caron Butler,166,592,190,158,86,39,21,62,90,36,1440
Perry Jones,36,194,77,70,58,39,52,42,28,13,609
Thabo Sefolosha,404,954,571,80,55,35,280,296,109,95,2879
Ian Mahinmi,4,144,151,40,270,442,738,727,13,4,2533
Evan Turner,3107,986,948,798,690,14,229,307,234,455,7768
Andre Roberson,77,569,408,20,6,24,303,411,10,37,1865
JJ Redick,1099,1377,1153,120,4,98,187,104,2107,1564,7813
Blake Griffin,1149,1243,1261,1095,3599,1436,568,782,254,118,11505
Matt Barnes,274,1256,730,106,78,70,300,308,152,76,3350
Chris Paul,9616,717,1251,2293,307,11,57,317,104,330,15003
Glen Davis,1,152,36,49,283,320,169,173,9,2,1194
Jamal Crawford,3733,1320,867,1549,22,11,58,136,307,463,8466
Danny Granger,79,234,111,52,99,8,21,57,96,22,779
Darren Collison,4539,989,1350,706,4,3,157,208,107,260,8323
DeAndre Jordan,2,28,530,32,589,1027,1316,2120,2,0,5646
Marcin Gortat,3,157,339,61,1265,1279,1506,1265,28,4,5907
Nene Hilario,26,328,308,288,1166,825,653,462,18,4,4078
Trevor Ariza,953,2596,1796,337,99,153,258,485,482,293,7452
John Wall,8375,1098,2367,2255,230,0,56,230,98,221,14930
Bradley Beal,5535,1496,1984,1204,126,30,464,452,1711,929,13931
Martell Webster,145,342,134,39,40,4,50,53,128,45,980
Andre Miller,747,102,118,165,248,1,66,86,16,15,1564
Al Harrington,1,65,26,15,12,41,13,14,1,0,188
Drew Gooden,6,253,69,34,41,156,55,173,14,5,806
Kevin Seraphin,3,93,86,35,767,227,275,267,9,2,1764
Otto Porter,836,1306,961,138,123,122,404,551,482,186,5109
LaMarcus Aldridge,36,1550,475,488,5513,2072,722,1454,240,38,12588
Nicolas Batum,3348,1297,698,470,468,24,229,459,825,698,8516
Wesley Matthews,1080,2000,904,432,952,103,226,225,913,393,7228
Robin Lopez,4,391,149,56,1172,1315,936,1498,18,30,5569
Damian Lillard,11599,1047,1596,2776,35,14,373,378,714,980,19512
Thomas Robinson,10,174,186,148,123,303,202,473,4,6,1629
CJ McCollum,5208,1426,1364,1289,10,33,221,319,946,780,11596
Will Barton,2889,1173,1305,557,50,8,273,370,114,365,7104
Joel Freeland,0,69,33,6,76,86,100,160,2,2,534
Deron Williams,3528,692,532,749,331,16,89,91,408,188,6624
Paul Pierce,381,1033,438,272,224,224,108,95,255,43,3073
Kevin Garnett,3,283,62,14,226,223,108,142,18,10,1089
Joe Johnson,2072,1395,475,1048,1432,98,73,230,363,134,7320
Alan Anderson,303,615,209,256,40,1,76,93,87,31,1711
Andray Blatche,8,200,86,174,200,122,136,147,13,8,1094
Shaun Livingston,1293,224,620,426,687,26,653,326,61,117,4433
Andrei Kirilenko,14,39,44,35,36,10,105,77,13,9,382
Marcus Thorton,93,96,74,39,9,1,17,23,37,15,404
Mirza Teletovic,54,1175,398,66,257,281,83,191,233,118,2856
Garrett Temple,1080,1071,731,184,12,13,161,202,275,195,3924
Trevor Booker,10,495,403,134,511,512,439,766,15,24,3309
Earl Watson,27,10,4,5,0,0,0,5,0,1,52
Dorell Wright,88,280,139,29,7,59,15,44,34,19,714
Victor Claver,6,45,13,3,5,18,14,16,5,1,126
Jared Dudley,112,1198,574,21,106,273,136,223,198,35,2876
Maurice Williams,2219,405,373,235,2,3,28,74,149,196,3684
Mason Plumlee,27,203,584,295,920,939,1187,1135,15,17,5322
Willie Green,295,259,154,62,5,4,16,29,80,37,941
Meyers Leonard,15,751,190,53,182,531,314,271,51,17,2375
Jorge Gutierrez,126,42,28,16,2,0,24,13,12,10,273
Ryan Hollins,0,12,24,3,63,93,102,124,2,1,424
Reggie Bullock,321,614,333,13,2,17,154,110,247,343,2154
Dirk Nowitzki,54,1540,544,413,2269,1252,185,205,498,75,7035
Monta Ellis,4771,906,956,619,77,6,115,147,284,333,8214
Jose Calderon,2507,702,253,135,2,8,47,118,177,256,4205
Samuel Dalembert,0,38,45,14,60,193,235,300,8,1,894
Vince Carter,1364,1358,358,273,352,95,130,254,242,200,4626
DeJuan Blair,2,13,73,16,89,259,216,223,5,5,901
Shawn Marion,84,325,219,33,116,114,293,227,9,14,1434
Devin Harris,1948,942,633,241,1,6,132,81,168,154,4306
Shane Larkin,1836,319,223,217,0,0,94,90,59,137,2975
Wayne Ellington,817,966,516,105,6,50,103,128,702,693,4086
Brandan Wright,3,61,118,33,81,416,399,314,4,6,1435
Jae Crowder,656,2215,1156,144,157,233,412,453,407,349,6182
Jonas Valanciunas,15,299,287,170,1960,1187,1146,1433,34,12,6543
Amir Johnson,7,390,304,135,312,701,726,901,11,4,3491
Terrence Ross,1407,1618,865,339,10,9,137,175,1196,415,6171
Kyle Lowry,6734,1600,1883,1144,195,75,161,447,627,620,13486
Patrick Patterson,13,1559,361,14,194,605,203,556,35,13,3553
DeMar DeRozan,7472,1395,1303,2731,1583,31,296,422,1398,644,17275
Greivis Vasquez,1838,662,317,137,51,2,26,54,67,87,3241
John Salmons,349,213,66,108,14,1,6,28,37,23,845
Chuck Hayes,0,1,9,4,21,67,87,103,0,0,292
Klay Thompson,1534,1926,2137,888,610,127,777,283,3409,611,12302
Draymond Green,504,1907,1332,370,887,863,841,805,168,79,7756
David Lee,34,202,297,154,731,615,653,590,18,4,3298
Andre Iguodala,625,1254,1007,367,267,68,404,397,158,105,4652
Stephen Curry,7529,1361,2598,1621,22,112,548,408,1773,595,16567
Jordan Crawford,952,221,231,277,47,0,12,44,56,38,1878
Harrison Barnes,791,1915,998,1402,1451,377,457,624,647,121,8783
Jermaine ONeal,0,14,10,5,187,48,95,101,0,0,460
Marreese Speights,14,774,332,204,339,792,359,471,179,34,3498
Marc Gasol,36,1181,473,496,3525,2014,671,588,178,71,9233
Mike Conley,6754,987,859,751,7,7,177,198,510,605,10855
Tony Allen,258,616,684,170,70,16,579,522,76,59,3050
Courtney Lee,1548,1354,796,329,5,11,144,189,530,305,5211
Mike Miller,133,407,116,28,1,18,17,46,139,61,966
Tayshaun Prince,267,496,176,84,178,45,97,121,53,33,1550
Beno Udrih,1671,291,193,126,0,0,59,54,78,158,2630
Kosta Koufos,2,72,187,61,492,595,837,819,4,10,3079
Jon Leuer,23,638,296,150,212,467,263,330,45,19,2443
Jamaal Franklin,16,34,25,6,1,0,2,6,5,8,103
Ed Davis,1,54,156,30,232,601,782,1155,7,11,3029
DeMarre Carroll,573,1904,1229,250,29,60,383,570,267,170,5435
Jeff Teague,7534,924,1574,1656,63,14,108,214,234,288,12609
Paul Millsap,265,1630,869,1016,1804,1306,862,1027,329,85,9193
Pero Antic,3,396,50,31,43,182,62,139,8,4,918
Kyle Korver,419,1277,721,45,2,43,137,100,1521,656,4921
Mike Scott,57,1114,453,85,406,635,515,355,119,51,3790
Shelvin Mack,2887,762,481,372,13,9,101,114,117,239,5095
Louis Williams,2654,494,630,689,12,2,71,86,312,264,5214
Elton Brand,0,90,46,16,85,191,196,152,3,1,780
Chandler Parsons,1262,1299,771,303,109,43,191,198,242,213,4631
Dwight Howard,12,156,319,99,2947,647,1071,1458,17,3,6729
James Harden,9932,1052,3056,7091,591,38,234,513,382,584,23473
Omer Asik,3,16,73,5,88,276,498,582,2,2,1545
Jeremy Lin,3200,887,842,536,10,1,103,153,184,314,6230
Terrence Jones,59,580,460,244,297,315,440,449,19,27,2890
Troy Daniels,365,628,288,48,2,9,50,76,569,326,2361
Patrick Beverley,1311,1093,552,400,2,26,38,367,55,90,3934
Steve Novak,1,162,35,10,0,20,1,10,23,3,265
Tyler Hansbrough,2,39,49,21,98,153,219,307,1,2,891
Hilton Armstrong,0,2,4,0,14,6,16,28,0,2,72
Zach Randolph,32,632,251,817,3440,558,480,1040,59,16,7325
James Johnson,771,1015,546,699,284,237,250,319,85,99,4305
Steve Blake,1514,381,155,200,0,3,8,39,41,91,2432
Kirk Hinrich,1092,438,214,136,3,2,28,60,86,143,2202
Carlos Boozer,15,317,133,157,679,385,378,282,56,8,2410
Joakim Noah,8,302,192,330,265,435,549,919,7,10,3017
Mike Dunleavy,264,648,337,28,21,10,176,118,517,264,2383
Taj Gibson,12,634,424,150,1654,779,1231,1301,20,19,6224
D.J. Augustin,960,127,135,96,0,0,43,18,55,89,1523
Tony Snell,702,1280,634,170,11,20,140,148,270,376,3751
Jimmy Butler,4868,1172,1338,1448,951,126,666,777,391,651,12388
Kemba Walker,9890,1347,1593,1134,1,14,143,304,600,671,15697
Gerald Henderson,1225,777,479,408,349,14,247,135,369,304,4307
Bismack Biyombo,1,44,162,6,176,679,894,1053,0,4,3019
Josh McRoberts,45,462,76,175,55,249,132,150,17,10,1371
Gary Neal,818,379,190,180,0,5,10,43,306,170,2101
Cody Zeller,17,579,336,126,133,1074,671,854,93,30,3913
Anthony Tolliver,25,1477,406,20,41,346,144,282,146,39,2926
Chris Douglas-Roberts,114,156,122,40,3,0,11,20,13,17,496
Luke Ridnour,755,143,76,65,0,2,8,35,24,25,1133
Michael Kidd-Gilchrist,300,1099,752,155,134,47,499,610,30,168,3794
Hedo Turkoglu,83,178,45,32,19,21,6,16,12,13,425
Al Jefferson,2,272,115,153,2949,746,477,454,27,11,5206
Jannero Pargo,215,61,35,31,1,1,0,3,16,26,389
Cartier Martin,57,186,64,14,4,1,29,20,63,20,458
Landry Fields,42,37,43,20,3,3,29,34,6,7,224
Ognjen Kuzmic,0,1,7,0,24,17,20,27,1,0,97
Francisco Garcia,80,216,86,44,0,4,6,25,32,24,517
Austin Daye,20,157,38,32,7,31,10,22,29,15,361
Bernard James,1,2,14,1,4,30,24,45,0,0,121
Nazr Mohammed,0,25,8,6,41,41,71,94,0,0,286
Dennis Schroder,7462,1061,968,1136,3,16,94,222,370,431,11763
Mike Muscala,8,626,229,6,90,434,270,353,48,14,2078
Allen Crabbe,415,1209,581,85,3,66,130,117,737,410,3753
Ben McLemore,579,1351,937,153,12,48,225,203,604,267,4379
Miles Plumlee,2,44,132,58,422,412,470,569,1,3,2113
Derrick Williams,148,639,514,238,221,215,305,191,100,61,2632
Eric Bledsoe,5310,1196,2020,1075,83,18,179,376,192,268,10717
Rudy Gay,1748,1400,965,1373,1173,271,303,571,365,179,8348
Jason Thompson,5,188,82,24,398,215,281,358,11,6,1568
Gerald Green,863,1368,923,376,219,50,137,191,671,294,5092
Channing Frye,12,1190,290,62,342,550,116,207,204,37,3010
Isaiah Thomas,5970,1247,1550,1094,1,24,91,223,572,650,11422
Markieff Morris,72,1481,659,559,1833,1000,514,641,268,58,7085
PJ Tucker,259,1871,902,164,343,264,333,932,81,40,5189
Travis Outlaw,57,158,30,31,44,17,16,41,33,17,444
Alex Len,2,428,270,94,776,712,771,943,34,16,4046
Ray McCallum,946,237,204,117,1,1,93,82,39,68,1788
Ishmael Smith,271,53,101,74,1,0,3,33,3,5,544
Marcus Morris,1010,1842,956,1018,885,418,243,542,371,321,7606
Archie Goodwin,530,278,308,140,4,0,79,92,32,59,1522
Quincy Acy,4,507,151,67,85,382,171,289,23,26,1705
Shavlik Randolph,0,9,6,4,5,15,22,24,1,0,86
Aaron Gray,0,2,1,0,24,14,23,42,0,0,106
Dionte Christmas,30,39,25,16,0,0,5,17,15,11,158
Kenneth Faried,31,186,601,129,661,586,863,1088,17,15,4177
Timofey Mozgov,6,233,237,36,679,502,763,712,27,6,3201
Randy Foye,1687,811,460,384,11,13,31,85,154,111,3747
Aaron Brooks,2599,474,377,498,0,2,23,134,64,172,4343
Quincy Miller,59,115,98,57,6,10,17,50,14,15,441
Jan Vesely,4,15,46,0,40,36,62,95,0,1,299
Wilson Chandler,509,1353,757,599,315,256,234,429,231,197,4880
Evan Fournier,3039,1477,1086,433,33,25,300,223,1024,716,8356
Anthony Randolph,23,84,72,24,15,26,16,26,10,8,304
Nick Calathes,875,158,134,88,1,0,100,48,15,27,1446
Ramon Sessions,2595,531,660,176,2,2,163,108,86,221,4544
Jeff Adrien,0,55,25,29,85,51,115,132,0,0,492
Zaza Pachulia,11,300,221,169,429,487,904,979,18,7,3525
Brandon Knight,3448,732,852,614,7,0,121,155,196,332,6457
Khris Middleton,2461,1681,1452,1089,896,131,203,309,1001,548,9771
John Henson,3,192,254,60,582,553,961,726,11,23,3365
Chris Wright,3,9,11,4,0,3,16,12,0,1,59
Giannis Antetokounmpo,2165,1468,2587,2143,1678,462,968,943,231,245,12890
Derrick Favors,12,607,301,101,1332,1454,1445,1266,30,23,6571
Corey Brewer,321,1223,1415,90,32,16,323,310,265,230,4225
Gorgui Dieng,7,789,325,131,645,876,660,970,9,12,4424
Gordon Hayward,4384,1371,1170,928,214,60,377,333,775,782,10394
Kevin Martin,440,422,451,417,182,6,156,70,487,215,2846
Trey Burke,3999,1056,648,510,5,6,36,154,160,400,6974
Alec Burks,2392,916,712,474,58,6,176,214,218,330,5496
Jeremy Evans,6,105,63,15,28,91,151,170,8,5,642
Kevin Love,136,1928,828,474,2391,1021,514,975,507,161,8935
Ricky Rubio,5963,1466,1016,385,2,12,113,314,59,445,9775
Malcolm Thomas,1,12,6,2,18,14,13,21,0,0,87
Richard Jefferson,285,1097,407,121,63,55,141,118,166,98,2551
Ronny Turiaf,0,3,5,2,19,48,43,74,0,0,194
Alexey Shved,584,160,179,109,2,0,16,48,50,55,1203
Dante Cunningham,67,1046,353,32,14,257,402,435,49,40,2695
Luc Mbah a Moute,108,871,447,113,130,231,292,284,46,70,2592
Robbie Hummel,19,191,43,6,7,63,29,72,43,20,493
Rudy Gobert,20,102,381,64,318,1145,1489,1637,9,5,5170
Diante Garrett,248,114,56,46,1,0,12,12,7,11,507
Ian Clark,800,609,435,102,1,12,159,84,288,149,2639
Darius Miller,317,553,215,67,6,4,17,42,250,105,1576
Tyreke Evans,4030,657,1141,1236,138,1,138,276,89,282,7988
Alexis Ajinca,0,136,58,45,195,346,301,325,32,8,1446
Austin Rivers,3135,1121,716,1275,7,17,137,186,107,310,7011
Omri Casspi,197,879,648,124,77,114,362,254,97,98,2850
Melvin Ely,0,1,0,0,4,1,4,0,0,0,10
Brian Roberts,1521,325,187,202,0,1,33,46,150,109,2574
Luke Babbitt,72,715,175,58,10,90,17,74,105,48,1364
Jordan Hamilton,117,236,147,76,15,8,16,48,52,41,756
Isaiah Canaan,1252,581,451,292,1,9,37,67,90,153,2933
Donatas Motiejunas,16,373,174,29,568,314,316,296,11,7,2104
Anthony Morrow,178,838,366,147,30,10,64,95,290,123,2141
Jeff Withey,2,37,55,7,29,175,219,197,1,1,723
Josh Powell,0,5,4,1,3,10,4,8,0,0,35
Robert Covington,441,1864,1235,151,17,123,287,383,369,402,5272
Al Farouq Aminu,258,1883,754,232,129,311,389,738,118,134,4946
Kyle Singler,140,679,374,81,33,22,177,218,142,85,1951
Kentavious Caldwell-Pope,1689,1747,1494,257,15,41,247,364,783,471,7108
Brandon Jennings,3148,503,755,420,1,1,74,138,82,153,5275
Greg Monroe,16,373,365,395,2491,750,807,1136,44,30,6407
Andre Drummond,10,224,859,347,2127,1167,1380,2807,4,5,8930
Gigi Datome,12,50,11,8,8,8,4,15,17,2,135
Jonas Jerebko,36,1101,356,38,73,278,256,460,76,37,2711
Tony Mitchell,1,5,8,5,3,4,9,27,0,0,62
Peyton Siva,168,17,19,25,0,0,3,3,1,3,239
Jordan Hill,3,273,117,160,585,447,377,568,25,9,2564
Kendall Marshall,1070,234,88,128,34,1,12,20,21,41,1649
Wesley Johnson,365,1163,575,136,59,88,229,252,183,239,3289
Ryan Kelly,66,437,169,66,113,111,56,86,69,34,1207
Nick Young,780,827,638,483,62,33,71,111,543,317,3865
Jodie Meeks,485,838,618,56,2,2,122,65,564,230,2982
Robert Sacre,1,108,30,14,281,235,139,211,2,4,1025
Jordan Farmar,855,179,137,194,5,2,13,40,52,65,1542
Damion James,4,23,10,4,1,2,8,15,6,1,74
MarShon Brooks,257,91,101,143,10,2,14,36,19,26,699
Avery Bradley,1955,1389,1131,343,3,20,449,326,765,1032,7413
Jeff Green,1128,1735,1218,579,905,376,457,386,370,247,7401
Kelly Olynyk,103,1233,597,191,491,939,449,630,242,242,5117
Brandon Bass,8,359,280,258,573,569,326,498,27,21,2919
Phil Pressey,776,150,211,139,0,1,4,45,14,39,1379
Chris Babb,6,26,15,0,0,0,1,4,12,2,66
Chris Johnson,54,180,117,7,6,6,40,39,35,16,500
Joel Anthony,0,1,14,1,17,43,68,80,0,0,224
Dion Waiters,2842,1162,931,1280,70,10,63,153,342,262,7115
Tristan Thompson,14,259,390,211,560,939,1226,1948,1,17,5565
Spencer Hawes,6,694,224,73,410,552,290,292,48,23,2612
Kyrie Irving,7098,989,1663,2131,230,40,291,375,616,691,14124
Jason Collins,0,8,3,1,3,3,7,7,0,0,32
Alonzo Gee,84,309,311,62,14,10,92,150,21,19,1072
Marquis Teague,195,32,54,66,1,0,4,4,4,6,366
Jarrett Jack,2579,492,354,303,6,2,41,61,73,72,3983
Matthew Dellavedova,3321,902,357,201,28,58,59,177,100,183,5386
Tyler Zeller,4,214,246,19,242,675,527,515,35,9,2486
Anthony Bennett,4,251,96,51,91,209,111,163,15,12,1003
Carrick Felix,5,12,11,1,0,0,2,3,2,2,38
Thaddeus Young,129,1286,1238,676,1409,1238,998,1135,116,52,8277
James Anderson,171,356,331,50,3,3,62,77,113,93,1259
Michael Carter-Williams,3193,765,761,848,211,5,208,336,107,306,6740
Adonis Thomas,7,8,9,1,3,0,0,0,0,4,32
Elliot Williams,161,143,171,48,2,0,40,34,34,55,688
Henry Sims,1,173,113,57,296,186,222,278,9,9,1344
Hollis Thompson,283,907,427,68,16,15,148,204,194,219,2481
Tony Wroten,936,252,528,302,16,0,66,97,50,182,2429
Jarvis Varnado,1,12,10,0,21,16,27,24,0,1,112
Casper Ware,91,25,14,18,0,0,6,0,4,16,174
Brandon Davies,2,68,63,36,104,53,48,90,4,0,468
Justin Hamilton,4,216,69,18,62,169,98,143,11,6,796
Greg Oden,0,1,2,0,21,3,27,21,0,0,75
Cole Aldrich,0,8,37,8,211,298,234,310,3,1,1110
JR Smith,1120,1525,768,791,71,63,74,189,599,263,5463
Iman Shumpert,798,1211,589,440,36,30,98,306,144,128,3780
Amare Stoudemire,8,147,52,103,706,335,261,308,25,3,1948
Pablo Prigioni,1165,237,120,73,1,1,15,117,36,58,1823
Timothy Hardaway Jr.,315,620,391,105,15,2,35,40,225,130,1878
Jeremy Tyler,1,21,13,8,39,27,29,42,2,0,182
Toure Murry,166,45,69,49,1,0,14,20,11,6,381
Shannon Brown,55,32,45,22,2,1,13,12,6,11,199
Nando De Colo,121,66,39,18,0,0,19,15,15,23,316
Dwight Buycks,347,60,43,79,0,2,19,21,4,14,589
Dewayne Dedmon,4,384,231,23,143,602,482,666,20,17,2572
Maurice Harkless,345,1101,590,154,370,90,518,587,127,105,3987
Kyle O'Quinn,8,390,157,173,313,624,439,608,20,9,2741
Arron Afflalo,720,1030,582,512,792,30,119,94,606,206,4691
Victor Oladipo,5246,1246,1556,901,37,12,275,272,377,424,10346
Doron Lamb,66,82,34,8,0,0,4,7,14,10,225
Jason Maxiell,0,43,13,6,83,85,94,126,1,0,451
Solomon Hill,562,847,494,236,86,60,189,255,104,81,2914
ETwaun Moore,625,401,243,81,13,1,59,68,61,92,1644
Ronnie Price,631,254,150,136,5,4,7,56,29,70,1342
Andrew Nicholson,1,400,76,15,460,303,100,136,27,5,1523
Tobias Harris,1906,2085,1309,1112,999,530,495,519,435,388,9778
Raymond Felton,3257,721,369,454,5,9,44,164,94,175,5292
Tyson Chandler,0,63,183,27,96,555,662,1104,20,7,2717
Jose Barea,797,97,114,134,5,0,11,17,21,77,1273
Goran Dragic,6858,1169,1778,820,51,30,235,378,288,646,12253
Enes Kanter,8,508,474,147,2253,1319,944,1783,38,9,7483
Jimmer Fredette,470,139,88,67,5,2,10,22,57,43,903
James Southerland,0,11,2,1,0,0,0,1,3,1,19
Rajon Rondo,4539,816,929,548,56,14,160,352,40,152,7606
Miroslav Raduljica,0,4,17,2,45,44,42,61,0,0,215
Andrew Bogut,7,44,90,20,282,234,575,677,8,5,1942
DeMarcus Cousins,194,1395,914,1305,2951,1293,468,890,207,111,9728
Carmelo Anthony,1634,1389,831,2251,2241,312,219,519,379,179,9954
Rodney Stuckey,1566,487,600,372,191,8,142,106,143,193,3808
Darrell Arthur,17,575,201,44,128,486,171,226,60,13,1921
Anderson Varejao,2,179,79,56,119,273,264,349,2,8,1331
Byron Mullens,0,78,28,16,30,53,19,27,13,0,264
Reggie Evans,0,7,19,19,107,44,109,243,0,4,552
Jared Cunningham,158,104,77,27,0,0,45,14,21,22,468
Greg Stiemsma,0,19,7,7,8,36,71,90,0,0,238
Hasheem Thabeet,0,3,1,2,6,5,13,16,1,1,48
Jared Sullinger,10,643,236,183,773,571,251,647,101,18,3433
Kris Humphries,6,478,219,98,137,406,280,392,12,8,2036
Jerryd Bayless,1710,690,469,378,28,1,83,105,169,224,3857
Jameer Nelson,3397,707,363,456,1,1,57,126,75,199,5382
Othyus Jeffers,7,5,11,2,1,0,11,8,1,1,47
Luol Deng,486,1143,602,224,469,209,361,437,284,205,4420
Sergey Karasev,104,152,71,16,5,0,41,38,33,12,472
Scotty Hopson,16,13,8,1,2,0,4,1,2,5,52
Steve Nash,276,20,12,24,1,1,2,5,4,15,360
Marvin Williams,55,2000,533,30,335,688,327,547,213,88,4816
Anthony Davis,139,1370,1143,1153,2342,2134,1012,1194,660,173,11320
Kent Bazemore,1994,1428,1165,339,8,18,286,202,313,443,6196
Josh Smith,212,915,564,452,760,489,254,349,70,58,4123
James Nunnally,27,60,37,9,4,0,5,4,11,8,165
Chase Budinger,122,324,206,15,16,11,105,103,204,88,1194
Chris Singleton,8,33,11,11,3,6,9,20,2,0,103
Tornike Shengelia,11,8,6,8,5,2,3,4,3,0,50
Time Event,0,0,0,0,0,0,0,0,0,0,0
Shabazz Muhammad,182,545,542,181,424,20,292,308,160,66,2720
Ty Lawson,4052,563,771,716,5,4,37,161,71,127,6507
Ekpe Udoh,2,29,46,16,91,118,107,163,1,0,573
DJ Stephens,3,17,18,0,0,1,20,14,0,4,77
Charlie Villanueva,7,381,141,18,69,148,49,74,134,25,1046
Will Bynum,748,92,149,164,0,1,14,27,5,23,1223
Nikola Vucevic,53,1168,463,366,3176,1911,880,1246,176,52,9491
DJ White,0,2,0,0,0,0,0,0,0,0,2
Pau Gasol,35,1055,330,367,2159,1255,608,838,70,39,6756
Chris Kaman,3,169,51,58,338,306,216,230,23,6,1400
Xavier Henry,200,113,114,57,9,1,30,31,19,43,617
Nikola Pekovic,1,14,63,0,786,163,183,319,1,0,1530
Brandon Rush,115,374,173,19,0,3,32,55,75,43,889
Reggie Williams,25,50,10,13,1,0,6,8,9,9,131
John Lucas III,260,127,65,43,0,0,5,19,21,10,550
OJ Mayo,573,502,382,197,65,4,69,73,354,164,2383
Mustafa Shakur,2,2,1,2,0,0,0,0,0,0,7
Ersan Ilyasova,82,1473,711,62,323,768,524,797,362,102,5204
Royce White,0,7,14,6,4,5,2,2,1,0,41
Darius Johnson-Odom,21,2,7,9,0,0,0,0,1,3,43
Seth Curry,1176,629,316,190,0,11,24,88,238,158,2830
JJ Hickson,6,118,197,64,379,426,322,402,6,4,1924
Eric Gordon,2830,2047,1361,796,42,60,148,166,653,539,8642
Nate Wolters,493,95,120,101,1,1,22,42,21,24,920
Shane Edwards,1,6,3,0,3,1,3,2,0,0,19
Nemanja Nedovic,59,16,18,26,0,0,4,4,4,4,135
Andrew Bynum,0,4,5,6,193,16,28,50,0,0,302
Earl Clark,35,179,58,30,16,52,13,26,16,13,438
Erik Murphy,0,19,3,1,4,12,5,12,1,0,57
Eric Maynor,166,42,22,17,0,0,0,10,3,3,263
Arnett Moultrie,0,30,14,8,7,20,21,22,0,0,122
Gal Mekel,315,50,47,12,4,0,6,13,1,7,455
Orlando Johnson,73,68,38,22,10,0,12,15,20,5,263
Jrue Holiday,6200,944,1156,1034,183,40,229,338,281,512,10917
AJ Price,80,25,10,9,0,0,3,1,0,11,139
Marcus Thornton,589,476,353,133,20,6,85,131,225,127,2145
Leandro Barbosa,700,391,444,166,5,3,63,95,202,95,2164
Lorenzo Brown,372,103,114,56,2,0,22,35,14,14,732
DeAndre Liggins,141,151,85,38,5,3,19,34,9,9,494
Arinze Onuaku,0,0,4,0,28,9,14,22,0,0,77
Al Harrrington,1,55,17,15,16,24,1,2,0,1,132
Jarret Jack,469,138,65,77,1,0,6,18,23,42,839
Gerald Wallace,91,93,88,17,123,1,66,56,19,27,581
Carl Landry,4,107,50,46,213,142,156,170,30,5,923
Dexter Pittman,0,0,0,0,0,0,3,6,0,0,9
Ben Gordon,322,144,73,60,0,0,13,12,65,43,732
Slava Kravtsov,0,0,1,1,7,4,7,14,0,0,34
Metta World Peace,53,171,62,70,114,14,11,52,27,26,600
CJ Miles,403,1397,759,91,29,71,87,138,978,355,4308
Gustavo Ayon,0,9,16,5,10,30,50,43,0,0,163
Shawne Williams,8,329,102,20,9,91,33,73,14,15,694
Jason Terry,587,784,427,96,0,28,12,67,132,91,2224
Darius Morris,237,64,81,52,5,0,4,19,6,10,478
Antawn Jamison,1,36,13,2,6,49,12,16,4,6,145
Sasha Vujacic,237,192,92,18,0,3,15,47,95,58,757
Larry Sanders,1,25,57,22,77,56,130,142,6,0,516
Shot,0,0,0,0,0,0,0,0,0,0,0
Manny Harris,51,28,32,22,0,0,8,14,2,3,160
Julyan Stone,80,27,8,7,1,0,1,2,2,0,128
Kenyon Martin,1,28,7,13,4,27,64,42,0,0,186
Josh Harrellson,0,34,10,5,2,38,13,35,0,1,138
Nate Robinson,672,122,138,110,0,4,14,41,38,48,1187
Vitor Faverani,0,35,12,0,76,51,28,58,1,1,262
Vander Blue,20,25,23,10,0,0,3,6,2,5,94
Mike James,333,33,55,48,0,1,1,7,7,13,498
Roger Mason Jr.,41,52,15,5,0,0,1,6,13,0,133
Misc Stat,0,0,0,0,0,0,0,1,0,0,1
Royal Ivey,9,5,1,2,0,0,0,0,0,0,17
Andrea Bargnani,5,364,80,131,185,373,118,132,85,13,1486
Ronnie Brewer,9,13,5,4,0,0,6,7,1,2,47
Ricardo Ledo,47,25,17,11,1,0,5,7,13,3,129
Tyshawn Taylor,126,25,35,37,0,1,8,3,3,1,239
Jason Smith,14,762,137,81,184,726,189,336,103,17,2549
Greg Smith,0,2,11,1,18,57,63,55,1,2,210
Maalik Wayns,18,12,3,5,0,0,1,0,1,3,43
Chauncey Billups,80,35,19,29,12,0,0,5,7,6,193
Keith Bogans,2,6,2,0,0,0,0,0,0,0,10
Daniel Orton,0,6,10,1,36,7,20,23,0,0,103
JaVale McGee,1,111,251,65,274,402,733,590,5,4,2436
Chris Smith,4,5,2,0,0,0,0,1,0,0,12
Stephen Jackson,1,11,9,4,6,1,0,2,0,0,34
Ryan Anderson,92,1258,495,300,510,658,139,595,390,55,4492
Ryan Gomes,1,4,2,0,4,1,2,1,1,1,17
Lou Amundson,0,5,4,0,2,25,27,48,0,2,113
Solomon Jones,0,13,2,1,9,17,3,25,0,1,71
Al Horford,79,1373,671,378,2074,1779,710,888,189,52,8193
Turnover,0,11800,0,0,0,9975,3051,0,0,0,24826
John Jenkins,217,177,115,16,1,3,40,24,99,54,746
Michael Harris,4,27,12,3,17,17,8,21,1,0,110
Jeff Taylor,55,167,84,33,8,0,54,33,24,31,489
Brook Lopez,36,1457,536,372,2118,1395,747,759,160,120,7700
Kobe Bryant,921,244,260,609,528,27,52,77,205,144,3067
Glen Rice,43,38,27,12,6,0,12,15,23,9,185
Hamady NDiaye,0,1,1,0,5,4,3,4,0,0,18
Andris Biedrins,0,1,0,0,2,1,1,5,0,0,10
Quincy Pondexter,173,343,172,85,15,5,95,89,42,37,1056
Josh Childress,0,3,0,1,0,0,0,4,0,0,8
DJ Augustin,4721,747,626,374,1,2,79,137,142,228,7057
Derrick Rose,4795,880,1144,804,29,7,264,250,192,283,8648
Elias Harris,2,8,3,0,5,1,3,4,1,0,27
Jamaal Tinsley,19,15,2,0,0,0,0,2,0,0,38
Lance Thomas,128,835,246,120,112,90,189,219,98,44,2081
Dominic McGuire,6,4,3,1,1,0,2,1,0,1,19
Scott Machado,26,7,9,2,0,0,0,1,0,0,45
Lester Hudson,35,21,6,4,0,0,1,3,2,2,74
Brian Cook,0,13,7,2,2,5,5,5,1,0,40
Justin Holiday,622,1205,665,102,6,21,246,158,487,348,3860
CJ Leslie,4,2,1,2,0,0,2,2,0,1,14
Christapher Johnson,73,146,52,10,2,2,23,35,8,32,383
Eric Griffin,3,7,4,4,6,5,5,5,3,0,42
Romero Osby,4,8,9,6,3,1,0,7,1,1,40
Kris Joseph,4,7,3,10,1,0,1,2,6,4,38
Mickell Gladness,0,2,0,0,0,2,0,4,0,0,8
Jermaine Taylor,11,15,15,9,0,0,2,2,3,2,59
Kenny Kadji,0,7,4,2,5,7,4,5,1,0,35
Rodney McGruder,422,516,212,35,6,11,111,198,84,159,1754
Dennis Schroeder,76,12,5,7,0,0,0,0,4,4,108
Eric Dawson,0,5,1,0,2,2,4,6,0,0,20
Tony Gaffney,0,7,7,0,0,0,4,8,1,1,28
Willie Reed,0,26,47,11,77,158,245,220,0,1,785
Carlos Morais,0,4,2,1,0,0,0,0,0,0,7
Xavier Silas,18,22,9,2,0,0,0,2,17,2,72
Pops Mensah-Bonsu,0,0,0,0,0,0,0,2,0,0,2
Rodney Williams,1,2,1,0,0,0,1,0,0,0,5
Khalif Wyatt,9,3,7,3,0,0,0,0,1,1,24
Stephen Graham,0,3,8,4,2,2,3,4,0,0,26
Trey McKinney Jones,1,0,1,0,0,0,0,0,0,0,2
Ike Diogu,0,7,3,3,11,7,4,7,0,0,42
Kammron Taylor,4,0,0,0,0,0,0,0,0,0,4
Andre Barrett,0,0,0,0,0,0,0,0,0,0,0
Mickey McConnell,15,1,1,2,0,0,0,0,0,1,20
Renaldo Balkman,0,5,4,2,0,5,2,5,2,0,25
Fab Melo,0,0,0,0,3,1,3,1,0,0,8
Devin Ebanks,3,5,5,2,0,0,1,6,0,0,22
D.J. Kennedy,12,4,0,0,0,0,1,0,0,0,17
Dan Nwaelele,0,3,1,0,0,0,0,1,2,1,8
Charlie Westbrook,6,5,3,2,0,0,1,0,1,0,18
EJ Singler,1,3,0,0,0,0,0,0,0,0,4
Dee Bost,5,6,2,2,0,0,0,0,0,0,15
Marcus Landry,6,17,4,3,0,4,1,2,3,2,42
Trent Lockett,0,0,1,1,0,0,0,1,0,0,3
Gary Forbes,6,6,7,5,0,0,2,2,0,0,28
Courtney Fells,6,3,4,0,0,0,1,0,2,1,17
Gani Lawal,0,0,1,0,4,2,4,5,0,0,16
Mac Koshwal,0,2,2,0,0,0,0,4,0,0,8
Patrick O'Bryant,0,0,0,0,1,0,0,3,0,0,4
Olek Czyz,0,3,2,0,1,1,5,1,0,0,13
Michael Lee,0,0,0,0,0,0,0,1,0,0,1
Corey Maggette,1,5,5,0,0,0,1,1,5,4,22
Marcus Cousin,194,1395,914,1305,2953,1294,470,891,207,111,9734
Kyle Fogg,23,5,4,3,0,0,0,0,3,1,39
Myck Kabongo,0,0,2,0,0,0,0,0,0,0,2
Marko Jaric,14,1,2,2,0,0,0,0,0,0,19
David Cubillan,32,9,6,1,0,0,1,2,4,3,58
Ido Kozikaro,0,1,0,0,3,1,4,1,0,0,10
Brian Randle,0,2,13,7,4,6,10,5,3,1,51
Moran Roth,29,3,5,2,0,0,0,0,3,2,44
Donta Smith,17,11,6,6,4,0,4,1,1,5,55
Alex Chubrevich,0,6,4,0,11,11,12,8,0,0,52
Dagan Yivzuri,9,5,3,1,0,0,2,1,4,3,28
Ike Ofoegbu,0,9,3,7,4,8,7,2,1,0,41
Ben Reis,1,10,4,3,1,0,1,0,1,0,21
Uri Kokia,0,0,0,0,0,3,3,2,0,0,8
Sherwood Brown,1,4,1,2,0,0,1,2,0,0,11
DeShawn Sims,0,3,0,0,0,0,2,0,0,0,5
Damen Bell-Holter,0,0,0,0,1,0,0,1,0,0,2
DeQuan Jones,2,2,2,1,0,0,0,0,0,0,7
Brandon Heath,3,0,0,0,0,0,0,0,0,0,3
Alexander Kaun,0,0,0,0,7,3,3,2,0,0,15
Vitaly Fridzon,0,11,3,0,0,0,0,3,3,1,21
Vladimir Micov,7,5,0,4,1,0,3,1,2,0,23
Jeremy Pargo,68,22,7,16,0,0,3,1,0,3,120
Victor Khryapa,4,11,4,2,7,2,1,1,0,2,34
Milos Teodosic,563,138,57,20,1,3,5,18,18,51,874
Nenad Krstic,0,8,3,0,8,4,0,2,0,0,25
Sonny Weems,72,48,35,10,6,0,22,7,9,22,231
Kyle Hines,0,2,1,0,2,3,5,5,0,0,18
Aaron Jackson,27,7,0,8,1,0,2,7,1,1,54
Sam Young,1,2,2,1,0,0,2,0,0,0,8
Cameron Jones,14,6,13,5,0,0,0,5,3,3,49
Damien Wilkins,13,28,9,2,5,1,2,5,2,4,71
David Lighty,2,1,1,0,0,0,0,0,0,0,4
DeSagana Diop,0,0,0,0,1,0,0,0,0,0,1
JaMychal Green,26,874,316,95,383,333,427,677,38,15,3184
Mustapha Farrakhan,1,0,1,0,0,0,0,0,0,1,3
Lazar Hayward,1,1,0,1,0,0,0,1,0,0,4
Larry Drew,133,27,15,9,0,0,1,4,0,6,195
Eric Boateng,0,1,0,0,2,1,0,0,0,0,4
Axel Hervelle,0,7,1,0,2,0,4,3,0,1,18
Jackie Carmichael,0,1,0,0,2,2,1,1,0,1,8
Dairis Bertans,15,15,13,0,0,0,0,4,17,5,69
Alex Mumbru,1,3,0,0,7,0,0,1,1,0,13
Tim Ohlbrecht,0,0,0,0,0,0,0,1,0,0,1
Zoran Vrkic,1,4,1,1,1,0,1,0,1,0,10
Antanas Kavaliauskas,0,1,0,0,2,0,6,3,0,0,12
Roger Grimau,2,1,2,1,5,0,2,1,2,1,17
Fran Pilepic,0,1,1,0,0,0,0,0,1,0,3
German Gabriel,0,6,1,1,5,1,0,1,0,0,15
Raul Lopez,15,0,1,0,0,0,0,0,3,0,19
Dan Gadzuric,0,0,1,0,0,0,0,1,0,0,2
Emir Preldzic,19,7,1,8,0,0,1,1,0,1,38
Luka Zoric,0,1,1,2,3,3,2,1,0,0,13
Linas Kleiza,1,5,3,2,2,0,0,1,0,0,14
Bojan Bogdanovic,1167,1564,1274,541,344,70,365,237,1064,379,7005
Gasper Vidmar,0,0,0,0,6,2,1,3,0,0,12
Bo McCalebb,20,7,3,3,0,0,0,1,1,2,37
Kenan Sipahi,11,1,1,1,0,0,0,0,0,0,14
James Metecan Birsen,1,5,1,0,0,0,0,2,0,0,9
Melih Mahmutoglu,7,7,1,0,0,0,0,1,3,0,19
Baris Ermis,2,0,0,1,0,0,1,0,0,0,4
Ayberk Olmaz,0,0,0,0,0,1,0,1,0,0,2
Izzet Turkyilmaz,0,2,0,0,0,0,0,0,0,0,2
LeBron James,5781,758,2586,3629,2062,287,587,584,195,226,16695
Festus Ezeli,1,6,31,4,175,139,212,210,5,1,784
Joe Harris,327,978,443,49,3,46,190,181,690,338,3245
Clint Capela,29,35,605,57,165,1089,1300,1289,1,5,4575
Brendan Haywood,0,2,2,1,25,7,13,9,0,0,59
Nick Johnson,84,50,55,15,1,0,11,19,8,9,252
James Michael McAdoo,3,53,63,12,47,73,103,102,5,4,465
Kostas Papanikolaou,111,174,80,32,3,15,23,52,16,26,532
Nikola Mirotic,194,1439,640,209,518,355,273,352,306,207,4493
Jordan Adams,46,50,44,7,0,0,15,16,26,9,213
Dahntay Jones,26,36,36,18,7,1,10,8,6,7,155
Joey Dorsey,0,4,20,2,37,27,81,115,0,0,286
Markel Brown,270,212,128,34,3,4,46,44,58,24,823
Jerome Jordan,1,4,16,2,12,34,49,62,0,0,180
Tyler Ennis,857,175,150,121,0,1,32,54,11,57,1458
Johnny OBryant,1,130,27,13,44,65,87,95,10,3,475
Doug McDermott,159,939,463,17,59,33,369,159,682,414,3294
Jose Juan Barea,754,139,122,104,4,0,8,29,8,33,1201
Marcus Smart,2611,1300,718,407,398,35,185,408,175,290,6527
Luigi Datome,10,39,16,5,1,1,6,2,13,7,100
Dwight Powell,12,451,182,46,63,736,648,566,109,15,2828
Tim Frazier,1965,298,341,260,7,1,66,137,33,74,3182
Jusuf Nurkic,3,260,197,52,1209,984,660,839,7,3,4214
Gary Harris,1153,1109,917,192,8,8,321,243,324,894,5169
Danilo Gallinari,829,1048,552,765,553,242,198,202,266,263,4918
Joffrey Lauvergne,3,233,107,34,228,303,189,257,7,10,1371
Erick Green,148,85,60,32,0,0,2,12,12,12,363
Tarik Black,4,48,74,28,157,281,290,430,2,0,1314
Nik Stauskas,867,814,414,172,0,4,77,80,265,303,2996
Jabari Brown,94,63,69,26,2,0,3,5,34,22,318
David Stockton,49,11,15,2,0,0,2,3,1,10,93
Rodney Hood,2037,1288,576,559,184,34,92,140,301,504,5715
Joe Ingles,3022,1253,502,330,6,32,48,153,418,411,6175
Dante Exum,1138,565,285,216,4,3,62,96,41,94,2504
Elijah Millsap,96,165,97,28,0,1,12,37,8,35,479
Bryce Cotton,132,38,31,13,0,0,6,7,11,14,252
Jack Cooley,1,5,6,2,8,18,13,36,0,0,89
Grant Jerrett,1,17,4,2,2,15,3,5,0,0,49
KJ McDaniels,166,364,229,63,21,2,74,129,55,63,1166
James Young,59,155,85,11,0,0,11,24,36,42,423
Andrew Wiggins,3289,1370,1149,1189,1319,150,520,574,640,681,10881
Zach LaVine,1636,458,708,357,10,2,62,75,185,362,3855
Adreian Payne,7,167,45,54,94,101,51,88,5,7,619
Mitch McGary,1,23,29,16,15,83,50,60,4,0,281
Elfrid Payton,4664,739,1058,516,15,5,214,429,52,201,7893
Aaron Gordon,880,1151,948,426,638,234,409,640,248,276,5850
Cory Jefferson,0,51,27,17,29,54,59,67,0,3,307
Langston Galloway,1099,1083,640,126,0,20,120,205,398,432,4123
Louis Amundson,0,29,23,12,98,66,108,110,8,2,456
Cleanthony Early,47,125,72,41,5,3,29,30,25,28,405
Ricky Ledo,41,23,13,21,0,0,6,15,8,17,144
JaKarr Sampson,157,369,276,62,47,22,156,130,25,90,1334
Henry Walker,10,120,14,1,2,32,2,7,2,7,197
Zoran Dragic,9,11,12,6,0,0,4,5,3,2,52
Tyler Johnson,1676,897,526,131,1,21,168,189,226,486,4321
Glenn Robinson,213,516,409,57,4,9,182,196,167,139,1892
James Ennis,258,787,546,69,37,36,230,368,92,111,2534
Jerami Grant,154,1351,679,338,342,606,447,443,64,97,4521
Noah Vonleh,17,434,148,116,354,266,257,515,15,7,2129
TJ Warren,700,718,849,261,141,23,340,410,399,124,3965
Earl Barron,0,12,5,1,4,16,13,22,1,1,75
Jerel McNeal,8,5,5,3,0,0,1,0,0,1,23
Russ Smith,103,18,14,18,0,0,1,4,4,9,171
Jarnell Stokes,0,13,20,9,46,21,20,49,0,0,178
Jordan Clarkson,3679,984,1046,907,93,25,263,389,417,548,8351
Hassan Whiteside,4,160,232,147,1221,1098,952,1374,17,6,5211
Furkan Aldemir,0,16,8,1,8,18,23,90,0,2,166
Ish Smith,4062,776,1031,555,0,5,59,156,31,205,6880
Kyle Anderson,540,575,382,218,120,37,249,259,61,116,2557
PJ Hairston,135,410,138,20,4,0,21,48,76,61,913
Jason Richardson,48,60,35,21,8,0,7,13,16,15,223
Sim Bhullar,0,0,0,0,2,0,0,0,0,0,2
Damjan Rudez,64,241,76,15,23,66,17,22,66,12,602
Bruno Caboclo,21,228,79,13,21,52,32,87,16,17,566
Nerlens Noel,17,239,298,248,391,616,727,717,12,8,3273
David Wear,0,5,0,0,0,1,1,3,1,0,11
CJ Wilcox,43,65,34,13,0,0,3,10,41,25,234
Spencer Dinwiddie,3950,596,529,965,10,5,36,137,111,133,6472
Sean Kilpatrick,706,496,339,112,3,1,77,44,99,107,1984
Shabazz Napier,1964,503,390,362,0,8,41,105,123,188,3684
Travis Wear,30,118,57,28,29,27,17,35,28,15,384
Jerrelle Benimon,0,1,2,0,5,4,1,5,0,0,18
Shayne Whittington,1,21,8,3,24,18,17,21,1,0,114
Javale McGee,0,3,2,2,7,2,4,4,0,1,25
Glenn Robinson III,161,447,344,44,4,8,150,167,153,126,1604
Lucas Nogueira,1,29,45,4,3,141,98,127,0,1,449
Cameron Bairstow,0,30,4,2,13,16,13,16,0,0,94
Tyrus Thomas,0,1,0,0,0,1,0,0,0,0,2
Devyn Marble,50,82,52,7,1,2,11,24,25,16,270
A.J. Price,176,43,16,18,0,0,1,8,1,5,268
Alex Kirk,0,11,1,2,4,5,4,6,0,1,34
Andre Dawkins,8,7,5,1,0,0,0,0,6,5,32
Patrick Christopher,7,15,10,0,0,0,1,5,2,5,45
Jabari Parker,519,1145,857,624,424,276,499,463,112,164,5083
Eric Moreland,1,3,24,11,13,38,63,96,0,1,250
Malcolm Lee,10,1,3,2,0,0,2,1,0,0,19
Drew Gordon,0,8,7,1,12,9,11,11,0,2,61
Will Cherry,29,16,11,7,0,0,0,1,0,4,68
Sebastian Telfair,163,36,20,32,0,0,3,3,8,11,276
Kalin Lucas,49,6,10,11,0,0,0,1,1,1,79
Julius Randle,238,913,1067,1200,1312,581,535,808,103,92,6849
Roscoe Smith,1,5,5,0,1,1,2,9,1,1,26
Trey Johnson,1,1,1,0,0,0,0,1,0,0,4
Khem Birch,2,33,44,3,54,148,170,242,1,2,699
Ronald Roberts,1,0,1,0,5,2,1,4,0,0,14
Justin Cobbs,2,0,1,0,0,0,0,1,0,0,4
Micheal Eric,0,0,3,1,2,0,6,4,0,0,16
Brady Heslip,21,3,1,2,0,0,0,1,6,1,35
Jeff Allen,0,14,5,7,4,2,4,3,0,0,39
Demontez Stitt,39,9,5,4,0,0,1,0,2,0,60
Rene Rougeau,3,8,8,3,2,0,7,7,0,4,42
Brody Angley,25,6,2,2,0,0,1,3,1,0,40
Hector Hernandez,0,9,2,1,1,3,0,0,1,0,17
Anton Shoutvin,0,5,0,0,1,6,2,3,0,0,17
Leroy Hickerson,8,1,4,8,0,0,1,2,0,0,24
Will Frisby,0,1,1,0,1,1,0,0,0,1,5
Jason Kapono,1,4,5,0,0,0,1,2,4,2,19
Marcus Williams,6,5,7,6,1,0,0,2,0,1,28
CJ Fair,2,6,1,1,0,0,0,2,0,0,12
Michael Jenkins,15,21,7,2,0,0,1,3,1,4,54
Richard Solomon,0,1,1,0,3,1,2,4,0,0,12
Talib Zanna,0,0,2,3,2,2,4,16,0,0,29
Patric Young,0,0,1,1,3,1,1,5,0,0,12
Aaron Craft,13,4,4,1,0,0,2,0,0,0,24
Mitchell Watt,0,2,1,3,0,2,0,2,0,0,10
Shawn Jones,0,1,2,1,3,0,1,3,0,0,11
Joshua Davis,0,0,0,0,1,0,2,2,0,0,5
Ivan Johnson,0,3,1,0,0,6,2,3,2,0,17
Jerome Meyinsse,0,1,4,0,24,10,22,5,1,0,67
Marcelinho Machado,12,12,8,2,0,0,0,0,18,2,54
Nicolas Laprovittola,97,34,19,24,0,0,3,2,3,9,191
Marquinhos Vieira,15,5,7,4,2,0,2,4,13,1,53
Walter Herrmann,1,14,5,1,4,1,4,3,0,0,33
George Yeye Torres,24,8,2,1,0,0,0,0,0,1,36
Cristiano Felicio,0,91,91,24,89,318,186,382,0,7,1188
Olivinha Rodriguez,0,11,2,1,1,2,1,6,0,0,24
Vitor Benite,16,8,6,3,0,0,1,1,2,0,37
Derrick Caracter,0,0,0,0,8,2,1,0,0,0,11
Luis Vieira,1,1,0,0,0,0,0,0,0,0,2
Daniel Lorio,1,0,0,0,0,0,0,0,0,0,1
Chris Crawford,28,11,7,3,1,0,0,1,3,0,54
Keith Appling,22,3,5,4,0,0,1,0,2,1,38
Brock Motum,0,1,1,2,0,1,1,0,0,0,6
Jarell Eddie,16,40,22,1,0,0,4,4,28,12,127
Kevin Jones,0,1,0,0,0,1,1,2,0,0,5
Christian Watford,0,0,0,1,0,0,1,0,0,1,3
Dagan Yivzori,5,6,1,2,0,0,0,0,6,2,22
Brian Qvale,0,0,0,0,0,1,0,0,0,0,1
Josh Bostic,0,2,1,0,0,0,0,0,0,0,3
Joe Jackson,3,1,2,0,0,0,0,0,0,0,6
DJ Mbenga,0,0,0,0,0,0,0,0,1,0,1
Stephen Holt,4,2,2,0,0,0,2,1,2,0,13
Oguz Savas,0,0,0,0,0,3,4,1,0,0,8
Richard Hickman,11,1,1,0,0,0,0,0,0,0,13
Andrew Goudelock,28,10,15,6,1,0,1,1,5,4,71
Nemanja Bjelica,159,857,389,172,203,232,188,387,143,56,2786
Bogdan Bogdanovic,1456,519,353,194,103,9,77,87,245,229,3272
Semih Erden,0,0,0,0,1,0,0,1,0,0,2
Serhat Cetin,1,2,0,0,0,0,0,0,0,0,3
Luke Hancock,0,0,1,0,0,0,0,0,0,0,1
Jamil Wilson,9,57,17,2,3,12,0,3,15,2,120
Niels Giffey,2,3,1,0,1,1,1,1,1,0,11
Leon Radosevic,0,0,0,0,1,7,0,4,0,0,12
Alex King,0,3,0,0,1,3,0,0,0,0,7
Reggie Redding,12,1,3,1,1,1,0,1,0,1,21
Jonas Wohlfarth-Bottermann,0,1,0,0,2,1,1,0,0,0,5
Alex Renfroe,10,1,2,0,0,0,1,0,2,0,16
Jamel McClean,0,0,1,1,5,3,1,4,0,0,15
Akeem Vargas,0,3,0,0,0,0,0,1,0,0,4
Vojdan Stojanovski,3,0,1,0,0,0,0,0,0,0,4
Clifford Hammonds,16,3,2,1,2,0,2,0,0,0,26
Marko Banic,0,2,3,0,1,1,0,0,0,0,7
Moritz Wagner,7,136,63,29,41,116,53,52,10,5,512
Kevin Murphy,0,2,2,2,0,0,0,0,1,1,8
Sylven Landesberg,13,14,1,2,0,0,2,2,0,2,36
Guy Pnini,1,8,3,0,2,0,0,0,2,1,17
Aleks Maric,0,0,1,0,0,2,0,1,0,0,4
Devin Smith,2,13,0,1,0,0,1,1,2,1,21
Yogev Ohayon,14,10,1,3,0,0,0,1,0,0,29
Marquez Haynes,9,5,2,2,0,0,1,1,1,0,21
Jake Cohen,0,2,0,0,1,2,1,5,0,0,11
Nate Linhart,1,6,0,0,0,0,0,2,0,0,9
Kyrylo Fesenko,0,0,0,0,0,0,1,0,0,0,1
Alex Tyus,0,1,0,0,3,3,6,0,0,0,13
Ben Altit,0,1,0,0,0,0,1,1,0,0,3
Jordan McRae,532,229,188,123,2,7,29,38,50,52,1250
Delon Wright,1588,399,420,201,7,4,64,211,27,83,3004
Norman Powell,1019,828,721,162,6,11,88,107,179,100,3221
Cameron Payne,954,292,172,102,0,1,26,47,17,67,1678
Justise Winslow,1062,856,557,142,115,64,211,284,35,148,3474
Josh Richardson,2081,1134,534,165,42,17,138,233,228,532,5104
Patty Mills,2530,1036,538,144,0,27,118,126,333,383,5235
Boban Marjanovic,0,39,43,4,594,160,180,337,0,3,1360
Tim Hardaway Jr.,1456,1071,937,235,43,28,147,128,571,412,5028
Lamar Patterson,63,63,28,8,3,0,12,8,14,12,211
Myles Turner,8,642,324,110,660,1435,613,499,43,18,4352
Pat Connaughton,264,498,233,72,7,25,156,173,154,104,1686
Luis Montero,13,12,4,10,0,0,0,1,6,5,51
Frank Kaminsky,47,1156,254,166,411,726,287,268,160,45,3520
Joe Young,425,111,103,82,2,0,8,21,15,45,812
RJ Hunter,82,90,51,9,0,0,10,6,18,29,295
Terry Rozier III,2223,881,723,404,8,17,67,228,359,293,5203
Montrezl Harrell,76,148,550,160,696,735,628,582,11,5,3591
Jordan Mickey,5,45,23,12,25,50,58,62,2,2,284
Justin Anderson,218,477,247,106,16,17,95,158,108,96,1538
J.J. Barea,3097,392,260,319,5,0,31,73,75,226,4478
Stanley Johnson,757,832,593,231,120,16,52,174,60,161,2996
Xavier Munford,103,29,22,5,0,0,7,5,4,8,183
Jonathan Simmons,380,323,197,148,7,0,58,55,37,78,1283
Salah Mejri,0,56,52,6,28,178,181,272,2,1,776
Briante Weber,220,35,45,28,0,0,19,26,2,17,392
Josh Huestis,21,138,37,3,3,11,34,55,7,6,315
Jarell Martin,50,363,196,61,56,116,140,202,15,16,1215
John Holland,23,41,24,10,6,3,5,6,4,7,129
Trey Lyles,93,1020,269,143,325,409,203,277,113,73,2925
DAngelo Russell,4799,724,829,667,202,16,142,179,317,387,8262
Raul Neto,889,421,222,110,0,1,35,52,20,111,1861
Larry Nance,50,434,293,81,243,446,471,680,34,14,2746
Marcelo Huertas,518,54,65,20,1,1,13,24,13,28,737
Devin Booker,3857,640,1448,1022,468,23,226,169,816,445,9114
Alan Williams,0,4,38,2,87,96,99,129,0,1,456
Branden Dawson,0,2,6,0,4,0,3,2,0,0,17
Nikola Jokic,279,799,378,367,2021,1103,680,1007,239,32,6905
Emmanuel Mudiay,2910,728,714,343,131,12,143,134,115,264,5494
Axel Toupane,12,50,17,1,0,0,12,9,2,1,104
Chris McCullough,3,64,43,9,7,59,31,45,3,3,267
Rondae Hollis-Jefferson,261,575,596,294,380,293,429,404,34,44,3310
Mario Hezonja,781,749,502,181,45,32,145,146,238,145,2964
Aaron Harrison,53,50,31,9,0,2,3,9,24,8,189
Darrun Hilliard,191,95,52,21,2,0,19,6,23,37,446
Sasha Kaun,0,0,2,0,6,16,8,16,0,0,48
Otto Porter Jr.,712,1106,794,126,104,116,307,421,361,150,4197
Kelly Oubre Jr.,709,1262,880,129,12,26,259,295,243,293,4108
T.J. McConnell,2896,418,518,211,4,0,150,178,32,191,4598
Bobby Portis,23,860,365,164,652,603,237,578,54,38,3574
Willie Cauley-Stein,13,282,388,277,506,759,725,628,17,7,3602
Duje Dukan,2,6,1,1,0,0,0,3,1,0,14
Rashad Vaughn,78,266,111,14,0,0,26,17,78,42,632
Damien Inglis,16,18,14,3,3,0,6,3,3,7,73
Rakeem Christmas,0,5,6,1,6,25,15,32,0,0,90
Karl-Anthony Towns,50,1018,556,626,2519,1446,469,1145,340,46,8215
Tyus Jones,1892,395,377,141,0,1,45,66,33,115,3065
Christian Wood,11,183,145,37,63,142,98,127,6,8,820
Jerian Grant,1765,486,283,248,36,11,28,94,57,108,3116
Kristaps Porzingis,68,915,368,324,858,668,355,390,402,53,4401
Richaun Holmes,8,208,194,46,106,542,495,469,6,13,2087
Coty Clarke,0,2,1,1,0,0,0,0,0,0,4
Alex Stepheson,0,0,3,0,9,4,3,24,0,0,43
Justin Harper,0,25,5,0,4,20,6,6,3,3,72
Anthony Brown,43,98,50,15,1,0,4,21,19,19,270
Walter Tavares,1,1,6,1,4,5,17,12,0,0,47
Jahil Okafor,4,88,105,362,682,197,195,215,13,6,1867
Kevon Looney,8,110,97,46,43,98,428,444,13,4,1291
Bryce Dejean-Jones,22,28,20,14,2,0,5,9,5,8,113
Personal Foul,0,0,0,0,0,0,0,0,0,0,0
Thanasis Antetokounmpo,13,11,16,8,3,2,8,10,3,1,75
Tibor Pleiss,0,6,0,0,4,9,18,11,0,0,48
J.J. O'Brien,0,1,0,0,0,0,0,0,0,0,1
Cliff Alexander,0,1,3,0,3,3,3,3,0,0,16
Joshua Smith,0,0,1,0,15,2,10,18,0,0,46
Sam Dekker,61,428,295,35,12,63,154,219,39,42,1348
Pierre Jackson,77,11,7,7,0,0,1,4,0,3,110
Corey Walden,9,2,2,1,0,0,0,0,1,0,15
Yakhouba Diawara,1,10,2,0,2,0,0,0,2,0,17
Nnanna Egwu,0,0,0,0,2,0,1,8,0,0,11
Lazeric Jones,19,4,2,0,0,0,0,1,1,2,29
Sampson Carter,2,3,0,0,0,0,1,0,0,0,6
Devin Sweetney,0,1,1,0,0,0,0,0,1,1,4
Wesley Saunders,2,0,0,1,0,0,0,0,0,0,3
DaJuan Summers,0,5,2,1,3,2,2,2,2,0,19
Jason Washburn,0,0,0,0,0,0,1,1,0,0,2
Brandon Ashley,1,11,5,0,3,13,2,3,0,0,38
Kelly Oubre,715,1273,894,131,12,27,260,297,244,295,4148
Jaron Johnson,0,3,4,0,0,0,1,1,1,0,10
"Chuck Hayes, Jr.",0,0,0,0,0,0,2,2,0,0,4
Michael Frazier,7,10,3,0,1,0,1,1,2,1,26
Robert Upshaw,0,1,0,1,2,2,4,2,0,0,12
Omari Johnson,1,17,3,0,1,4,2,7,1,1,37
Will Cummings,12,9,5,6,0,0,1,3,0,3,39
Ryan Boatright,39,3,4,3,0,0,0,0,0,1,50
Chris Daniels,0,4,0,0,4,12,3,2,3,0,28
Jarrid Famous,0,1,1,3,3,3,1,3,0,0,15
Treveon Graham,87,442,121,15,13,16,47,116,28,41,926
Keith Benson,0,3,3,1,9,4,5,14,0,0,39
Corey Hawkins,1,1,1,0,0,0,0,0,1,1,5
Tre Kelley,12,1,2,4,0,0,0,0,0,0,19
Quinn Cook,670,258,235,92,1,8,41,42,102,106,1555
Keifer Sykes,21,6,5,12,0,0,0,0,1,3,48
Scottie Wilbekin,26,15,6,5,0,0,1,1,1,3,58
JP Tokoto II,2,2,4,0,0,0,2,2,0,0,12
Arsalan Kazemi,0,0,1,0,0,1,0,2,0,0,4
Sam Thompson,2,2,0,1,0,0,2,0,0,0,7
Travis Trice,21,1,2,3,0,0,1,1,1,1,31
Darion Atkins,0,1,0,0,1,0,0,0,0,0,2
Marcus Vieira de Sousa,10,3,1,4,2,0,0,0,4,1,25
Jason Robinson,1,3,1,0,0,1,1,1,2,1,11
Rafael Luz,10,3,0,0,0,0,0,0,2,0,15
Rafael De Sousa,0,3,0,0,0,1,1,0,1,0,6
Carlos do Nascimento,0,3,0,1,0,0,1,1,0,0,6
Marcelo Machado,9,5,1,2,0,0,0,1,3,0,21
Joao Batista,0,1,0,0,2,2,2,2,0,0,9
Tiago De Lima,0,3,0,0,0,1,0,0,0,1,5
George Torres Chaia,5,2,0,0,0,0,0,0,0,0,7
Luis Schwartzman,0,1,0,0,0,0,0,1,0,0,2
Jordan Sibert,3,8,2,0,0,0,1,0,3,2,19
Melvin Ejim,0,3,2,1,1,3,0,3,0,0,13
Levi Randolph,0,2,0,1,0,0,1,1,0,0,5
Denzel Livingston,8,8,6,6,0,0,1,2,3,5,39
Juwan Staten,3,0,3,1,0,0,0,0,0,0,7
Chris Walker,1,6,4,2,1,0,3,4,0,0,21
Kadeem Jack,0,0,1,1,0,0,0,0,0,0,2
Jordan Bachynski,0,0,1,0,1,0,1,0,0,0,3
Deshaun Thomas,0,2,3,1,2,3,1,1,0,1,14
Youssou Ndoye,0,0,4,0,1,4,2,1,0,0,12
Terran Petteway,1,2,1,0,0,0,0,0,0,0,4
Shannon Scott,6,0,1,0,0,0,0,0,0,0,7
Matt Janning,1,0,1,0,0,0,0,0,0,1,3
Marshall Henderson,0,1,0,0,0,0,0,0,0,0,1
Maurice Ndour,5,37,30,7,11,7,41,29,5,4,176
Greg Whittington,0,16,2,2,3,1,0,5,0,0,29
Nick Minnerath,0,4,0,0,0,2,0,1,0,1,8
Corey Webster,56,8,5,5,0,0,0,2,6,6,88
Chanan Colman,5,4,1,1,0,0,0,0,0,1,12
Gregory Vargas,29,2,7,4,0,0,1,1,0,1,45
Oz Blayzer,0,18,3,2,2,2,1,3,0,1,32
Dijon Thompson,1,4,4,4,1,0,0,0,0,0,14
Reggie Buckner,0,0,1,1,3,6,1,4,0,0,16
John DiBartolomeo,8,6,1,1,0,0,1,1,0,4,22
Yiftach Ziv,1,0,0,1,0,0,0,0,0,0,2
Amir Celestin,0,2,0,0,0,0,0,0,0,0,2
Netanel Artzi,0,2,0,0,0,0,0,1,1,0,4
Rafael Hettsheimer,0,13,2,0,3,10,1,4,0,0,33
Jefferson William,0,12,2,1,1,4,1,1,2,0,24
Alex Garcia,7,6,2,1,6,0,2,6,2,1,33
Ricardo Fischer,46,3,2,5,0,0,1,4,0,0,61
Robert Day,0,9,4,4,0,0,0,1,8,2,28
Leonardo Meindl,3,8,4,2,1,0,4,5,2,1,30
Wesley Sena,0,4,2,1,1,1,2,1,0,0,12
Rafael Mineiro,0,3,2,0,0,8,6,3,0,0,22
Paulinho Boracini,14,3,3,4,0,0,0,0,1,0,25
Patrick Vieira,3,0,0,2,0,0,0,0,0,0,5
Jaleel Roberts,0,1,1,0,3,2,1,3,0,0,11
Gabriel de Oliveira,0,1,0,0,0,0,0,0,0,0,1
Leonardo Eltink,0,0,0,1,0,0,0,0,1,0,2
Marcus Simmons,0,0,0,1,0,0,0,1,0,0,2
Jonathan Holmes,1,23,8,2,0,18,4,5,0,1,62
JP Tokoto,5,8,8,1,1,0,4,4,1,2,34
Jonas Maciulis,1,4,1,1,2,0,0,1,1,0,11
Trey Thompkins,0,12,0,3,12,4,1,2,0,0,34
Sergio Llull,32,7,7,3,0,0,0,1,1,2,53
Felipe Reyes,0,4,2,0,5,1,4,2,0,0,18
Andres Nocioni,1,8,6,0,3,1,0,0,1,0,20
Sergio Rodriguez,909,155,87,60,0,0,5,22,8,61,1307
Guillermo Hernangomez,5,54,56,27,144,172,163,200,2,1,824
Luka Doncic,2260,266,381,436,150,2,47,149,128,182,4001
Jaycee Carroll,0,7,5,1,0,0,3,3,9,1,29
Dino Radoncic,0,0,0,0,0,0,0,1,0,0,1
Terrico White,15,6,1,4,2,0,4,4,5,3,44
Edgar Sosa,3,0,0,0,0,0,0,0,0,0,3
Stefhon Hannah,1,0,0,0,0,0,0,0,0,0,1
Michael Holyfield,0,0,0,0,0,0,1,0,0,0,1
Alessandro Gentile,10,5,4,5,2,0,1,0,1,0,28
Jamel McLean,0,1,0,1,1,2,0,3,0,0,8
Robert Hummel,0,7,1,0,0,3,0,1,0,0,12
Charles Jenkins,8,4,1,0,0,0,0,0,0,1,14
Andrea Cinciarini,8,4,2,1,0,0,1,1,0,0,17
Milan Macvan,0,6,3,3,0,0,0,3,0,0,15
Bruno Cerella,2,1,0,0,0,0,0,0,0,0,3
Stanko Barac,0,1,2,0,2,2,0,2,0,0,9
Krunoslav Simon,6,4,3,1,0,0,0,0,1,0,15
Oliver Lafayette,7,1,1,2,0,0,0,0,0,0,11
Nikola Kalinic,1,2,0,0,0,0,0,0,0,0,3
Konstantinos Sloukas,10,3,1,1,1,0,0,0,0,0,16
Ekpedeme Udoh,0,2,1,0,2,2,1,2,1,0,11
Baris Hersek,0,0,1,0,0,0,0,0,0,0,1
Berk Ugurlu,3,2,0,0,0,0,0,0,0,0,5
Omer Yurtseven,0,1,0,0,0,1,0,2,0,0,4
Michale Kyser,0,0,0,0,0,1,0,0,0,0,1
Patrick McCaw,263,303,178,27,3,7,97,73,95,44,1090
Jaylen Brown,479,1206,996,266,305,46,268,271,191,203,4231
Bryn Forbes,750,898,389,48,0,7,18,44,169,232,2555
Dejounte Murray,1040,311,358,198,6,3,94,177,14,42,2243
Davis Bertans,79,865,342,17,12,107,82,105,171,77,1857
Damion Jones,0,0,0,0,4,11,7,13,2,0,37
Sheldon McClellan,45,43,30,8,1,0,4,6,10,4,151
Lou Williams,4033,565,697,536,2,24,53,130,178,349,6567
Isaiah Taylor,515,105,106,60,0,1,7,25,21,23,863
Bobby Brown,157,32,14,46,0,0,0,0,10,10,269
Troy Williams,65,176,167,21,0,1,53,52,11,23,569
Tomas Satoransky,1494,576,372,150,54,9,134,255,58,109,3211
Joel Bolomboy,0,5,8,0,4,15,10,17,1,0,60
Fred VanVleet,1996,572,537,293,0,19,38,73,117,104,3749
Jakob Poeltl,1,49,120,7,102,324,420,574,3,2,1602
Pascal Siakam,386,796,810,490,468,228,330,378,35,85,4006
Kyle Wiltjer,3,20,12,0,8,9,1,10,6,0,69
Paul Zipser,111,293,86,55,9,4,27,32,27,39,683
Denzel Valentine,695,424,271,62,2,0,31,65,70,169,1789
Taurean Prince,852,1009,644,200,15,49,72,150,333,237,3561
Andrew Harrison,1179,266,181,237,8,1,25,57,19,45,2018
Wayne Selden,375,352,217,83,9,6,36,58,66,89,1291
Thon Maker,4,427,170,22,42,201,221,219,14,8,1328
Malcolm Brogdon,1871,731,530,410,52,28,176,181,149,194,4322
Wade Baldwin,245,43,74,38,3,0,11,19,15,18,466
Alex Abrines,138,440,162,25,0,37,12,57,103,63,1037
Jake Layman,79,290,152,23,22,8,108,82,120,59,943
Tim Quarterman,35,12,6,9,0,0,0,4,1,2,69
Daniel Ochefu,0,1,1,1,8,18,8,10,0,0,47
Malcom Delaney,867,192,135,100,2,1,15,23,41,46,1422
Deyonta Davis,2,27,35,9,24,153,77,111,0,0,438
Semaj Christon,344,64,34,35,0,1,27,21,2,10,538
Domantas Sabonis,6,447,249,37,795,1163,518,602,7,7,3831
Buddy Hield,1548,956,1100,389,23,19,146,248,567,341,5337
Skal Labissiere,5,143,83,70,256,225,175,232,11,3,1203
Georgios Papagiannis,1,8,4,0,65,33,37,42,1,2,193
Brandon Ingram,1617,713,723,737,319,31,200,208,179,222,4949
David Nwaba,112,307,335,91,33,8,138,158,29,44,1255
E'Twaun Moore,727,770,651,125,38,29,126,151,374,176,3167
Cheick Diallo,0,84,115,25,50,208,201,175,7,2,867
Henry Ellenson,13,151,62,7,40,62,20,30,17,13,415
Patricio Garino,5,12,4,1,0,0,2,1,2,1,28
Stephen Zimmerman,0,4,5,1,15,14,11,11,1,0,62
Marcus Georges-Hunt,36,23,32,17,2,0,3,8,3,3,127
Edy Tavares,0,0,1,0,12,5,10,19,0,0,47
Gary Payton II,89,79,70,5,3,0,37,43,4,13,343
Timothe Luwawu-Cabarrot,184,496,270,40,4,4,96,71,81,104,1350
Ron Baker,274,99,83,29,4,2,23,23,31,20,588
Alex Poythress,3,85,34,0,2,28,29,53,0,3,237
Shawn Long,2,39,13,20,29,37,24,60,2,2,228
Mindaugas Kuzminskas,60,173,105,30,24,5,55,55,14,14,535
Chasson Randle,245,117,75,38,0,0,31,17,23,31,577
Marshall Plumlee,0,5,12,2,11,20,18,32,0,0,100
Okaro White,7,63,23,8,8,8,18,37,4,4,180
Caris LeVert,1645,522,417,457,3,3,105,139,79,126,3496
Isaiah Whitehead,591,176,157,98,0,0,20,35,17,28,1122
Nicolas Brussino,77,82,23,6,0,0,8,30,30,14,270
Dorian Finney-Smith,178,709,272,68,16,60,144,337,89,35,1908
Yogi Ferrell,1384,448,309,160,1,4,49,68,125,105,2653
Jarrod Uthoff,3,11,6,4,6,3,7,10,4,1,55
AJ Hammons,0,12,3,4,20,29,7,13,1,1,90
Kris Dunn,2151,474,411,208,61,4,37,90,23,81,3540
Malik Beasley,304,580,393,47,0,2,69,80,129,200,1804
Juan Hernangomez,48,391,166,3,31,32,101,163,37,57,1029
Jamal Murray,2644,725,660,441,30,60,251,249,355,640,6055
DeAndre Bembry,618,397,347,53,2,2,158,126,37,124,1864
Marquese Chriss,17,544,317,93,197,305,295,324,40,15,2147
Derrick Jones Jr.,35,281,217,4,7,49,185,206,12,33,1029
Tyler Ulis,1254,139,178,140,0,1,15,45,16,56,1844
Dragan Bender,30,478,160,29,71,148,78,108,45,23,1170
Chinanu Onuaku,1,1,4,1,4,11,7,8,0,0,37
Brice Johnson,2,8,13,2,14,14,7,14,2,1,77
Kay Felder,323,48,56,36,0,2,7,7,6,17,502
Dario Saric,158,1214,608,275,517,320,384,505,214,92,4287
C.J. Watson,196,70,83,23,0,1,19,18,25,18,453
Ivica Zubac,1,39,118,3,205,327,359,352,11,4,1419
Johnny O'Bryant III,1,57,17,15,51,55,37,40,2,1,276
Ben Bentil,0,6,4,0,4,3,0,5,0,0,22
Mike Tobey,0,5,0,0,2,3,2,6,0,0,18
Diamond Stone,0,3,2,3,10,2,3,1,1,0,25
Malachi Richardson,61,107,49,21,0,0,6,12,16,29,301
Georges Niang,83,277,113,9,16,28,24,31,26,35,642
Joel Embiid,109,729,482,429,2231,509,388,533,125,51,5586
Quincy Act,0,0,0,0,0,1,0,1,0,0,2
Michael Gbinije,4,9,6,0,2,0,3,3,0,3,30
Jonathan Gibson,143,44,26,8,0,0,2,1,22,16,262
Demetrius Jackson,108,25,25,14,0,0,6,13,6,12,209
Yi Jianlian,0,5,1,0,0,13,3,2,1,0,25
Ryan Arcidiacono,697,274,117,33,0,5,28,43,15,54,1266
Livio Jean-Charles,0,2,0,0,1,1,2,5,0,0,11
Perry Ellis,0,1,0,0,0,0,0,0,0,0,1
Rasheed Sulaimon,9,4,2,2,0,0,0,0,0,0,17
Vashil Fernandez,0,0,0,0,0,0,0,1,0,0,1
Drew Crawford,6,10,20,1,0,0,2,1,3,2,45
C.J. Williams,70,112,57,14,1,3,26,14,14,18,329
Kyle Collinsworth,92,29,18,16,22,0,7,36,6,9,235
JJ O'Brien,0,4,0,0,0,0,1,0,1,0,6
Vincent Hunter,1,4,12,3,2,1,6,8,1,0,38
Damion Lee,142,201,161,21,3,1,47,51,145,78,850
Andrew Andrews,9,4,2,0,0,0,1,1,0,0,17
Beau Beech,0,2,0,0,0,1,0,0,0,0,3
Egidijus Mockevicius,0,1,1,0,0,0,0,1,0,0,3
Josh Magette,148,18,9,5,0,0,1,4,1,6,192
J.J. Avila,0,1,0,0,0,0,0,0,0,0,1
Thomas Walkup,1,3,0,0,0,0,0,0,0,1,5
James Webb III,1,26,9,0,0,3,5,16,1,0,61
Brandon Paul,42,78,41,6,0,0,14,9,10,18,218
Trey Freeman,1,0,1,1,0,0,0,0,0,0,3
Isaiah Cousins,6,0,0,0,0,0,0,1,0,0,7
Keith Hornsby,10,3,1,0,0,0,0,0,2,0,16
Stefan Jankovic,0,1,0,0,1,0,0,0,0,0,2
Guillermo Diaz,5,4,1,0,0,0,1,0,1,0,12
Gustavo Aguirre,19,6,2,0,0,0,0,2,0,0,29
Marcos Mata,4,7,3,0,0,1,0,1,2,0,18
Gabriel Deck,0,5,2,2,2,1,0,2,2,0,16
Mathias Calfani,0,6,0,0,1,1,0,2,0,0,10
Matias Sandes,1,2,0,0,3,1,1,2,0,0,10
Selem Safar,4,4,0,0,0,0,0,1,1,0,10
Santiago Scala,10,6,1,0,0,0,0,1,0,0,18
E.J. Singler,2,6,4,1,0,0,0,1,1,0,15
Yanick Moreira,0,0,0,0,0,0,0,1,0,0,1
Kaleb Tarczewski,0,0,0,0,1,2,0,1,0,0,4
Cat Barber,10,0,2,5,0,0,0,0,0,1,18
Marcus Paige,21,5,4,2,0,0,0,0,4,1,37
Quincy Ford,0,2,0,0,0,0,0,2,0,0,4
Shawn Dawson,0,1,0,1,0,0,0,1,1,0,4
Alex Perez,17,3,1,1,0,0,0,0,2,0,24
Evan Ravenel,0,2,0,0,0,1,0,1,0,1,5
William Graves,2,10,4,2,0,0,0,2,1,0,21
JARRID FAMOUS,0,0,0,0,0,2,3,1,0,0,6
Amit Simhon,3,9,1,1,0,0,1,0,2,0,17
Willy Workman,4,6,5,1,1,0,1,1,2,0,21
Orlando Mendez-Valdez,12,3,1,3,0,0,0,0,1,0,20
Danuel House,87,427,239,43,1,57,42,86,37,30,1049
Jameel Warney,0,0,1,0,5,4,5,5,0,0,20
Matt Costello,0,2,2,0,3,3,7,1,0,0,18
D'Vauntes Smith-Rivera,0,0,0,1,0,0,0,1,0,0,2
Nick Zeisloft,0,0,1,0,0,0,0,0,0,0,1
Julian Jacobs,6,0,0,1,0,0,0,0,0,1,8
Timothe Luwawu,186,498,272,40,4,4,96,71,81,104,1356
Brad Oleson,10,3,0,3,0,0,0,0,0,0,16
Stefan Peno,8,1,0,1,0,0,1,0,0,0,11
Justin Doellman,0,5,0,0,0,2,0,2,1,0,10
Ante Tomic,0,0,0,1,8,3,3,1,0,0,16
Juan Carlos Navarro,9,3,2,2,0,0,0,1,1,0,18
Stratos Perperoglou,2,4,0,2,0,0,0,1,2,1,12
Aleksandar Vezenkov,0,7,1,0,0,2,0,0,1,0,11
Marcus Eriksson,3,1,1,0,0,0,0,0,1,1,7
Elgin Cook,0,1,1,0,0,0,0,0,0,2,4
Scott Wood,1,1,2,0,0,0,0,0,2,0,6
Rudy Fernandez,6,4,0,0,0,0,0,1,3,2,16
Othello Hunter,0,0,2,0,2,3,2,3,0,0,12
Jeffery Taylor,0,3,0,2,0,0,2,1,0,0,8
Dontaye Draper,1,0,0,0,0,0,0,0,0,1,2
Alex Suarez,0,1,0,0,0,0,0,1,0,0,2
Zhao-Xu Zhang,0,1,0,0,0,4,0,0,0,0,5
Guerschon Yabusele,7,69,32,5,54,48,14,52,2,4,287
Yi Zhai,6,1,3,0,0,0,0,0,0,0,10
Xiao-Yu Liu,16,2,5,2,0,0,0,0,0,0,25
Quanxi Wu,0,0,0,0,1,0,4,0,0,0,5
Ren PengPeng,3,1,0,0,0,0,0,0,0,0,4
Wen-Ting Tseng,0,2,0,1,1,0,0,0,0,0,4
Liang Cai,1,7,3,0,1,0,0,1,2,0,15
Peng Ju,0,0,1,0,0,0,0,1,0,0,2
Larry Nance Jr,40,244,131,43,153,226,241,341,8,7,1434
Jordan Bell,5,71,101,47,70,103,180,173,3,2,755
Cedi Osman,631,566,317,114,66,43,71,93,56,173,2130
Ante Zizic,0,13,42,6,170,145,126,146,1,0,649
Jayson Tatum,911,803,695,589,274,96,146,182,313,272,4281
Semi Ojeleye,36,316,122,24,14,35,50,94,15,22,728
Abdel Nader,125,296,134,29,9,7,26,35,42,34,737
Ben Simmons,1538,170,1031,411,848,58,533,462,16,60,5127
Donovan Mitchell,3414,686,696,528,9,22,100,165,289,447,6356
Royce ONeale,229,588,329,46,0,12,59,70,27,47,1407
OG Anunoby,109,617,343,62,67,17,136,167,36,40,1594
Tony Bradley,1,2,26,1,12,59,44,88,1,0,234
Damian Jones,0,29,30,1,24,120,121,112,0,1,438
Bam Adebayo,53,127,232,101,227,426,526,437,10,1,2140
Terrance Ferguson,63,455,231,12,3,28,49,72,28,37,978
Wade Baldwin IV,59,14,23,16,1,0,4,5,6,10,138
Zach Collins,2,286,61,22,186,188,208,193,6,1,1153
Sterling Brown,160,297,252,30,1,5,50,89,68,58,1010
Caleb Swanigan,0,30,19,4,59,35,53,53,0,0,253
Emeka Okafor,0,6,14,0,15,18,43,46,0,0,142
Zhou Qi,1,22,7,0,2,4,4,6,2,3,51
Markelle Fultz,727,162,215,40,23,2,59,66,11,81,1386
Furkan Korkmaz,144,304,142,15,0,23,37,29,69,98,861
Derrick White,871,392,189,65,4,10,45,70,35,72,1753
Alex Caruso,445,151,135,41,0,11,58,47,12,44,944
Josh Hart,188,553,499,35,8,4,63,127,121,75,1673
Andre Ingram,3,10,9,0,0,0,0,2,7,1,32
Sindarius Thornwell,61,168,128,12,2,2,27,40,11,16,467
Tyrone Wallace,233,172,196,37,14,1,78,46,9,31,817
Thomas Bryant,1,154,123,13,48,307,214,197,6,2,1065
Justin Jackson,148,547,271,22,14,16,112,95,126,91,1442
De Aaron Fox,2532,369,818,327,4,1,55,102,52,119,4379
Nigel Hayes,0,15,4,3,5,5,0,4,2,0,38
Jarrett Allen,2,83,120,8,11,664,519,510,1,2,1920
Jabari Bird,12,6,7,0,0,0,10,6,3,2,46
Kadeem Allen,184,68,31,26,0,0,3,14,11,8,345
Milton Doyle,45,24,11,9,0,0,1,5,0,3,98
Frank Ntilikina,1079,310,192,83,13,5,22,68,40,107,1919
Damyean Dotson,364,341,234,72,1,7,37,53,209,151,1469
Luke Kornet,11,227,67,7,54,187,62,64,29,6,714
Isaiah Hicks,1,17,19,8,20,25,27,14,0,1,132
London Perrantes,26,4,0,1,0,0,2,1,0,3,37
Wesley Iwundu,186,262,222,37,6,3,82,98,15,55,966
Rodney Purvis,36,35,27,6,0,0,0,1,18,9,132
Jamel Artis,26,38,12,9,5,2,11,6,3,6,118
Devin Robinson,5,16,13,5,0,2,15,11,2,3,72
Lauri Markkanen,133,792,356,107,284,399,131,214,240,105,2761
Luke Kennard,691,391,255,54,5,7,73,40,136,298,1950
Reggie Hearn,0,1,0,1,0,0,0,0,0,0,2
Charles Cooke,2,5,4,3,0,0,0,0,3,3,20
Dillon Brooks,662,497,360,119,32,11,89,109,142,208,2229
Ivan Rabb,1,53,46,21,89,93,110,129,1,3,546
Kobi Simmons,161,52,66,24,0,1,17,15,6,18,360
Myke Henry,25,50,25,4,0,0,10,10,12,7,143
Johnathan Motley,1,42,32,11,47,43,34,42,0,0,252
Davon Reed,42,39,27,6,1,0,3,7,24,6,155
Shaquille Harrison,386,209,190,106,1,2,39,53,9,48,1043
Alec Peters,2,32,14,0,2,6,7,8,10,3,84
Jalen Jones,16,75,27,8,5,1,7,27,9,13,188
Maxi Kleber,11,503,117,11,67,231,146,253,49,13,1401
John Collins,19,338,245,55,205,504,408,470,14,28,2286
Tyler Dorsey,299,222,144,60,0,2,23,44,82,80,956
Antonius Cleveland,12,22,16,1,0,1,5,8,5,6,76
Malik Monk,697,499,290,135,0,16,53,45,175,136,2046
T.J. Leaf,3,115,81,19,49,63,65,103,8,4,510
Willy Hernangomez,2,53,31,14,110,207,140,197,4,5,763
Edmond Sumner,120,58,63,21,0,0,9,17,5,10,303
D.J. Wilson,9,140,58,7,4,91,44,52,5,19,429
Alfonzo McKinnie,29,254,108,6,3,6,80,136,21,21,664
Dennis Smith Jr.,1569,281,447,430,41,4,56,105,104,136,3173
Torrey Craig,51,331,202,13,12,1,129,196,12,41,988
Kyle Kuzma,332,805,731,278,247,190,220,185,262,82,3332
Josh Jackson,662,567,523,143,35,12,123,166,117,181,2529
Frank Mason,732,104,179,105,0,0,24,37,10,42,1233
Larry Drew II,20,4,1,2,0,0,0,2,0,1,30
Andrew White,6,43,14,2,0,1,3,4,7,2,82
Tyler Cavanaugh,0,75,22,2,1,30,19,49,1,3,202
Derrick Walton Jr.,101,52,19,6,0,3,1,7,4,5,198
Jahlil Okafor,7,45,88,82,246,149,122,153,3,5,900
Justin Patton,1,10,4,0,5,9,8,6,0,0,43
Jonathan Isaac,66,553,226,46,62,60,136,192,27,58,1426
Dwayne Bacon,276,275,196,84,14,5,12,30,65,86,1043
Lonzo Ball,1292,502,407,119,30,23,75,172,58,88,2766
Mangok Mathiang,0,0,2,0,0,2,3,2,0,0,9
Antonio Blakeney,248,150,124,110,0,0,8,11,23,95,769
Jawun Evans,232,97,69,27,0,3,6,10,3,25,472
Malcolm Miller,6,60,26,1,0,2,7,6,11,4,123
Jonathon Simmons,773,312,219,143,71,3,53,91,46,109,1820
Zach Lavine,2264,316,516,481,66,16,111,87,183,305,4345
Chris Boucher,1,85,47,2,7,115,49,98,3,0,407
Erik McCree,2,2,2,1,0,0,0,0,0,1,8
Dakari Johnson,0,3,7,0,11,7,13,14,0,0,55
Xavier Rathan-Mayes,52,4,6,3,0,0,1,0,2,4,72
Daniel Theis,1,166,64,5,45,283,217,281,5,0,1067
Jaylen Morris,12,19,9,1,0,0,4,2,2,3,52
Walter Lemon Jr.,123,18,25,20,0,0,3,5,5,13,212
Josh Gray,51,11,6,9,0,0,1,3,1,1,83
Daniel Hamilton,38,37,19,20,1,0,1,10,1,4,131
PJ Dozier,90,31,18,13,0,1,7,17,2,8,187
Monte Morris,1192,279,245,73,2,1,86,59,36,104,2077
Ike Anigbogu,0,4,2,0,3,7,1,6,0,0,23
Matt Williams Jr.,3,7,3,1,0,0,0,0,3,0,17
Naz Mitrou-Long,60,12,5,4,0,0,0,1,4,5,91
Jacob Pullen,8,2,0,2,0,0,0,0,1,4,17
Tyler Lydon,3,8,5,1,1,1,7,10,0,2,38
Patrick Beverly,636,452,181,78,1,13,15,153,13,45,1587
Technical Foul,0,0,0,0,0,0,0,0,0,0,0
Gian Clavell,10,16,3,1,0,0,1,1,5,3,40
Jacob Wiley,0,3,0,0,0,1,0,2,0,0,6
Ike Iroegbu,7,2,3,1,0,0,0,1,0,0,14
Matt Jones,1,1,2,0,0,0,0,2,0,1,7
Daniel Kickert,2,6,2,2,8,6,0,4,0,1,31
Tom Jervis,0,3,1,0,5,7,6,4,2,0,28
Perrin Buford,3,1,3,3,4,0,2,5,0,2,23
Anthony Petrie,0,0,0,0,0,1,2,2,0,1,6
Reuben Te Rangi,0,0,0,0,0,0,0,0,1,0,1
Shaun Bruce,4,0,0,0,0,0,0,1,0,0,5
Matt Kenyon,0,0,1,0,0,0,0,0,0,0,1
Adam Gibson,1,2,0,1,0,0,0,1,1,1,7
Will Magnay,0,0,1,0,0,0,1,1,0,0,3
Tom Fullarton,0,0,0,0,0,0,0,0,0,1,1
James Blackmon Jr.,1,1,1,0,0,0,0,0,1,0,4
Jaylen Johnson,0,0,0,0,0,0,0,0,0,0,0
Rade Zagorac,1,1,1,1,1,0,0,2,2,2,11
Perry Jones III,0,1,0,0,1,0,0,0,0,0,2
Durand Scott,0,1,1,0,0,0,0,0,0,0,2
TJ Williams,0,0,1,0,0,0,0,1,0,0,2
Terry Henderson,1,2,2,0,0,0,0,0,0,0,5
Brandon Bowman,0,1,2,2,1,3,0,0,0,0,9
Angel Rodriguez,28,2,0,1,0,0,0,0,0,2,33
Daniel Koperberg,0,1,1,0,0,2,1,3,0,0,8
Frederic Bourdillon,11,3,0,0,0,0,0,0,0,0,14
Roi Huber,0,0,0,0,0,0,0,0,0,0,0
Samardo Samuels,0,2,0,1,9,0,0,0,0,0,12
Jacob Evans,137,66,58,10,0,0,12,17,17,32,349
Anfernee Simons,305,148,97,85,0,0,22,25,37,42,761
James Ennis III,38,284,214,11,3,16,72,132,17,28,815
Jonah Bolden,6,99,51,3,7,30,23,60,6,4,289
Brad Wanamaker,367,133,128,30,2,1,11,16,18,16,722
Robert Williams III,0,4,19,0,5,36,48,53,0,1,166
Landry Shamet,189,294,182,21,0,15,33,27,201,152,1114
Shai Gilgeous-Alexander,1304,422,387,255,8,2,52,102,22,105,2659
Jerome Robinson,133,133,71,10,0,6,16,16,30,37,452
Jarred Vanderbilt,0,2,10,6,0,11,15,18,0,0,62
Lonnie Walker IV,105,94,105,21,1,0,15,14,5,16,376
Rodions Kurucs,33,282,162,47,5,20,93,88,46,23,799
Theo Pinson,201,71,58,53,0,1,8,15,13,13,433
Dzanan Musa,95,87,50,20,0,1,10,23,16,6,308
Melvin Frazier Jr.,20,25,21,2,1,0,4,11,11,4,99
Bruce Brown,433,249,187,48,3,1,102,103,5,20,1151
Khyri Thomas,32,35,12,5,0,0,5,4,6,8,107
Deonte Burton,25,102,51,6,1,11,21,15,11,18,261
Aaron Holiday,629,205,164,84,0,0,6,24,19,76,1207
Grayson Allen,180,161,125,19,1,3,13,9,41,58,610
Isaiah Hartenstein,0,12,17,4,1,52,47,64,0,0,197
Josh Okogie,124,432,301,33,1,5,86,111,26,83,1202
Cameron Reynolds,19,48,23,1,2,1,0,4,12,7,117
Keita Bates-Diop,32,165,101,15,3,7,55,41,4,30,453
Jared Terrell,43,12,5,4,0,0,1,0,3,9,77
Gary Trent Jr.,81,107,59,23,4,1,6,15,22,35,353
Marvin Bagley III,10,118,198,132,307,143,140,215,12,11,1286
BJ Johnson,6,16,14,3,0,0,2,5,1,4,51
Trae Young,3135,245,604,379,0,0,20,99,80,267,4829
Kevin Huerter,628,306,256,43,4,8,39,83,74,165,1606
Jaylen Adams,154,50,37,9,0,0,2,11,6,14,283
Alize Johnson,1,14,15,4,3,1,11,19,2,1,71
Isaac Humphries,0,9,2,0,0,7,2,4,1,0,25
Duncan Robinson,38,221,81,2,0,22,27,13,117,108,629
Yante Maten,2,13,7,2,0,5,9,11,0,2,51
Miles Bridges,123,534,229,63,103,69,88,150,32,53,1444
Devonte Graham,1291,204,200,135,0,8,14,53,87,79,2071
Amile Jefferson,0,8,10,2,4,7,17,21,1,1,71
Kevin Knox,387,489,277,71,21,23,44,84,130,142,1668
Mitchell Robinson,0,4,64,1,16,206,133,319,0,0,743
Billy Garrett,16,10,2,3,1,0,2,0,0,1,35
Zhaire Smith,11,20,17,0,0,0,7,9,5,14,83
Shake Milton,72,82,53,7,0,2,18,15,21,21,291
Brandon Sampson,19,34,17,1,0,1,4,3,5,6,90
Rawle Alkins,8,18,10,2,0,0,5,12,2,7,64
Haywood Highsmith,1,6,2,0,0,0,1,2,2,2,16
Yuta Watanabe,10,30,29,5,2,3,2,6,5,5,97
Julian Washburn,11,22,11,2,0,0,2,8,2,3,61
Jevon Carter,255,115,82,40,0,0,8,31,10,21,562
Marcus Derrickson,0,24,5,6,10,7,1,6,4,1,64
Bonzie Colson,2,19,10,2,5,1,7,11,1,2,60
Jalen Brunson,715,249,210,106,28,12,24,50,62,100,1556
Ryan Broekhoff,25,76,45,1,1,6,14,16,40,13,237
Drew Eubanks,0,0,0,1,27,16,16,13,0,0,73
Jemerrio Jones,8,13,7,1,0,0,10,20,0,0,59
Johnathan Williams,2,18,27,5,14,42,46,74,0,0,228
Isaac Bonga,64,67,70,30,0,3,26,63,3,6,332
Elie Okobo,464,137,89,47,2,2,17,27,11,36,832
Ray Spalding,0,3,18,2,3,16,15,16,0,0,73
Mikal Bridges,134,389,249,15,3,16,110,102,57,54,1129
De'Anthony Melton,420,130,173,25,5,1,31,52,16,28,881
Mitchell Creek,0,3,6,0,1,1,4,6,0,0,21
Jordan Loyd,15,12,8,6,0,0,0,2,1,1,45
Kenrich Williams,57,227,123,15,2,5,37,112,26,8,612
Collin Sexton,1485,377,425,323,10,4,84,114,59,163,3044
J.P. Macura,4,7,4,0,0,0,4,1,3,2,25
Troy Brown Jr.,253,226,172,42,4,1,71,91,24,47,931
Gary Clark,13,176,40,4,1,27,11,59,14,0,345
Chris Chiozza,86,21,16,17,0,0,1,4,2,5,152
Daryl Macon,55,9,10,13,0,0,0,3,3,5,98
Deng Adel,4,28,11,3,0,0,0,3,0,1,50
Dusty Hannahs,4,5,4,4,0,0,0,0,2,0,19
Hamidou Diallo,45,140,141,11,1,15,61,76,6,20,516
Deandre Ayton,4,66,101,36,460,310,259,319,17,5,1577
Angel Delgado,0,1,2,0,0,0,4,2,0,0,9
Frank Jackson,265,251,167,33,1,8,44,40,69,65,943
Troy Caupain,14,3,3,6,1,0,0,3,0,7,37
Kostas Antetokounmpo,1,3,7,4,4,6,7,6,1,1,40
Harry Giles,4,57,57,71,151,138,80,90,0,3,651
Allonzo Trier,497,164,214,139,6,2,14,36,39,39,1150
Chimezie Metu,2,24,15,9,29,14,18,22,1,2,136
Svi Mykhailiuk,181,172,134,11,0,4,15,27,99,68,711
Thomas Welsh,0,5,0,0,4,8,5,5,0,2,29
Donte DiVincenzo,179,153,167,19,1,8,54,67,41,55,744
Donte Grantham,0,5,1,0,0,0,0,1,0,0,7
Isaiah Briscoe,159,44,23,23,0,1,3,6,5,9,273
Omari Spellman,4,237,81,27,59,115,56,163,18,6,766
Tahjere McCall,3,3,3,0,0,0,1,1,1,1,13
Emanuel Terry,0,0,3,0,2,3,2,3,0,0,13
Jaren Jackson Jr.,31,363,185,151,352,198,150,133,62,48,1673
Trevon Duval,1,1,0,1,0,0,0,0,0,1,4
Jaron Blossomgame,1,41,21,1,3,9,27,31,2,2,138
Brandon Goodwin,147,58,43,19,0,0,4,11,1,24,307
Mohamed Bamba,1,130,34,14,50,160,90,147,1,3,630
Joe Chealey,5,9,2,0,0,0,0,1,0,0,17
Chandler Hutchison,78,178,109,12,3,6,53,52,11,27,529
Vincent Edwards,0,11,5,4,0,0,1,2,0,0,23
Wendell Carter Jr.,1,88,79,18,164,225,188,232,0,2,997
DeVaughn Akoon-Purcell,7,5,3,5,0,0,1,2,1,2,26
Tyler Davis,0,0,0,0,0,0,0,4,0,0,4
Zach Lofton,0,5,2,1,0,0,1,1,0,3,13
Jonathan Stark,0,2,0,0,0,0,0,0,0,0,2
Raphiael Putney,0,0,1,0,0,0,0,0,0,0,1
Doral Moore,0,0,1,0,4,1,1,3,0,0,10
Markel Crawford,2,2,3,2,0,0,0,0,0,0,9
Shirelijian Muxtar,6,8,2,3,0,0,0,0,2,2,23
Mngxin Ju,5,3,2,1,1,0,1,3,2,1,19
Zhang Yongpeng,0,1,0,0,0,2,2,1,0,0,6
Ying-Chun Chen,12,5,1,1,0,0,0,3,0,0,22
Zhun Zheng,0,2,0,0,0,3,0,0,0,0,5
Si Kun,0,0,0,0,0,0,0,0,0,0,0
Kai Guo,0,3,1,2,0,0,2,3,0,0,11
Tiwian Kendley,1,6,2,1,0,0,0,0,0,1,11
Yue Wang,0,0,0,0,0,0,0,2,0,0,2
Wenyen Gabriel,2,28,8,2,3,4,7,9,0,3,66
Jairus Lyles,2,0,0,1,0,0,1,0,0,0,4
George King,2,5,0,0,0,0,0,0,0,0,7
Cameron Oliver,0,0,2,0,0,0,0,1,0,0,3
Elijah Stewart,2,4,0,0,0,0,0,0,2,0,8
Kaiser Gates,0,3,0,0,0,1,1,2,0,0,7
Garlon Green,3,4,1,0,0,0,0,1,4,2,15
Brandon McCoy,0,0,0,0,0,0,1,0,0,0,1
Braian Angola-Rodas,0,2,0,0,0,0,0,0,1,0,3
Zhaoxu Zhang,0,0,0,0,3,0,1,1,0,0,5
Zhang Zhaoxu,0,0,0,0,4,0,0,3,0,0,7
Luo Xudong,2,0,0,0,0,0,1,0,0,0,3
Luo Hanchen,0,1,3,4,0,0,2,0,0,0,10
Wang Tong,0,2,1,0,1,0,1,1,0,0,6
Lu Wei,0,2,1,2,0,0,1,0,0,0,6
Cai Liang,0,0,1,0,1,0,2,0,0,0,4
Luo Zhi,0,1,0,0,0,0,0,0,0,0,1
Yuchen Shi,8,3,5,1,0,0,0,1,0,0,18
Huang Xu,0,1,0,0,0,0,1,0,0,0,2
Zhu Ying,0,0,0,0,0,0,0,0,0,0,0
Abdul Gaddy,15,5,0,0,0,0,0,0,0,0,20
Bryce Alford,0,2,0,0,0,0,0,2,0,2,6
Billy Preston,1,8,1,2,2,3,0,1,1,1,20
Yanyuhang Ding,0,0,0,0,2,0,0,0,0,0,2
Joel Berry II,6,1,1,1,0,0,0,0,0,1,10
Ben Moore,1,1,0,0,1,0,0,0,0,1,4
Nicholas King,0,1,2,1,0,0,1,0,1,1,7
Jeff Roberson,1,0,2,0,0,0,0,0,0,1,4
Kendrick Nunn,425,140,131,53,3,1,40,15,56,92,956
Damian Martin,2,2,0,0,0,0,0,0,0,0,4
Nick Kay,0,3,2,2,5,4,1,4,0,1,22
Amida Brimah,0,0,2,0,1,2,3,1,0,0,9
Mitch Norton,18,3,0,2,0,0,2,2,0,1,28
Clint Steindl,2,4,2,4,0,0,0,1,7,1,21
Greg Hire,1,1,0,0,0,0,0,2,0,2,6
Jesse Wagstaff,0,5,2,0,1,3,3,1,2,0,17
Rhys Vague,0,5,0,0,1,2,0,1,3,0,12
Ismaila Kane,0,1,0,0,0,0,0,0,0,0,1
Chris Goulding,13,12,5,6,0,2,0,3,10,13,64
Alex Pledger,0,3,2,0,0,4,6,7,0,0,22
David Barlow,1,7,0,0,1,0,1,1,2,0,13
Craig Moller,1,0,1,0,1,0,0,0,0,2,5
Mitch McCarron,8,8,2,1,1,0,0,1,0,3,24
Sam McDaniel,0,0,0,0,0,0,0,0,0,0,0
Tohi Smith-Milner,3,5,1,0,0,4,1,0,1,1,16
Josh Boone,1,2,1,0,1,1,3,6,0,0,15
Peter Hooley,2,1,2,2,0,0,0,0,0,0,7
Daniel Trist,0,2,1,0,3,0,1,4,0,0,11
Samuel Short,0,2,0,0,0,0,1,0,0,0,3
Malik Newman,3,5,2,0,0,0,0,0,0,0,10
Desi Rodriguez,0,1,0,0,0,0,0,0,0,0,1
Tai Wesley,0,3,3,0,7,5,1,0,1,0,20
Thomas Abercrombie,0,1,6,1,1,2,4,2,3,1,21
Shea Ili,20,2,4,1,0,0,0,4,2,4,37
Majok Majok,0,1,0,0,0,1,1,1,0,0,4
Jarrad Weeks,16,4,3,0,0,0,0,2,0,1,26
Finn Delany,0,0,0,0,0,0,1,0,1,0,2
Patrick Richard,9,1,0,1,1,0,0,0,2,0,14
Armani Moore,0,1,0,0,0,1,0,2,1,0,5
Jordan McLaughlin,113,33,17,6,0,0,0,3,2,11,185
Nuni Omot,0,1,0,0,0,1,0,1,0,0,3
Rob Gray,1,1,1,0,0,0,0,0,0,0,3
Marcus Lee,0,0,0,0,1,2,1,4,0,0,8
Tyrius Walker,2,1,1,1,0,0,0,0,0,0,5
Jerome Randle,19,4,4,3,0,0,0,1,0,2,33
Kevin Lisch,10,2,3,2,1,0,2,2,2,2,26
Brad Newley,0,1,3,1,0,0,1,1,1,1,9
Brian Bowen,1,3,2,0,2,0,2,4,2,0,16
Kyle Adnam,3,1,0,0,0,0,0,0,1,0,5
Tomer Wilson,2,2,0,0,0,0,0,0,3,0,7
Deng Deng,0,1,0,0,0,0,0,0,0,0,1
Deng Acouth,0,0,0,0,0,1,0,0,0,0,1
Eric Stuteville,0,0,0,0,0,2,0,0,0,0,2
Isaac Haas,0,0,0,0,0,0,1,0,0,0,1
Zhuo Zhang,0,0,0,0,0,1,1,1,0,0,3
Shuo Fang,22,1,2,1,0,0,0,0,1,1,28
Xiaohui Wang,2,1,0,0,0,0,0,0,0,1,4
Yanxi Zhu,0,7,0,0,1,0,0,1,0,0,9
Jiangpeng Duang,2,3,0,0,0,1,0,0,1,1,8
Xiaoyu Liu,5,2,0,0,0,0,0,0,0,0,7
Jianiyou Taruike,0,1,0,0,5,1,0,1,0,0,8
Cairen Zhang,0,3,2,0,0,0,0,0,0,0,5
Haofeng Sun,6,2,0,0,0,0,0,0,0,0,8
Hongrui Duan,0,1,0,0,1,1,0,0,0,0,3
Xinlei Wang,0,0,0,0,0,0,0,0,0,0,0
Zion Williamson,6,23,35,8,41,17,35,31,5,8,209
Jaxson Hayes,0,3,33,2,3,103,100,81,0,0,325
Coby White,422,201,157,52,0,3,6,27,24,61,953
Nicolo Melli,4,93,34,3,26,56,11,23,10,1,261
Adam Mokoka,11,13,8,2,0,0,4,5,1,1,45
Nickeil Alexander-Walker,215,79,45,19,1,0,3,9,23,16,410
Matisse Thybulle,29,111,63,2,0,0,9,26,14,21,275
Marial Shayok,5,8,4,2,0,0,1,2,5,5,32
RJ Barrett,334,161,157,61,29,0,27,47,31,56,903
Gabe Vincent,1,5,0,0,0,0,0,0,2,3,11
Vlatko Cancar,1,7,1,1,0,5,0,3,2,2,22
Ja Morant,848,54,149,96,0,0,33,28,28,42,1278
Brandon Clarke,7,94,84,12,12,107,62,70,3,3,454
Kelan Martin,19,55,32,5,0,1,4,7,14,19,156
De'Andre Hunter,229,246,89,29,21,23,18,26,32,58,771
Jarrett Culver,215,148,113,45,7,3,35,59,20,53,698
Jaylen Nowell,18,15,13,2,0,0,4,2,4,4,62
Bruno Fernando,0,38,19,1,21,45,40,55,0,1,220
Naz Reid,0,29,10,4,11,37,15,18,2,0,126
Danilo Galinari,117,222,62,75,130,52,18,30,49,29,784
Darius Garland,558,140,96,71,0,1,12,23,33,71,1005
Luguentz Dort,11,56,28,3,0,0,16,8,2,3,127
Kevin Porter Jr.,173,86,78,75,11,0,22,16,4,26,491
Darius Bazley,15,157,69,15,1,17,11,24,6,19,334
Romeo Langford,8,14,10,2,0,0,2,6,1,4,47
Javonte Green,26,42,38,3,0,3,17,20,5,6,160
Grant Williams,9,72,17,1,27,27,27,54,4,3,241
Vincent Poirier,0,3,7,3,3,10,12,11,0,0,49
Eric Paschall,25,173,102,115,88,36,71,72,19,25,726
Jordan Poole,177,100,71,38,0,1,10,6,106,61,570
Jeremiah Martin,3,3,1,2,0,0,0,0,0,0,9
Terence Davis,195,123,95,12,0,1,25,37,18,10,516
Sekou Doumbouya,13,79,41,6,8,6,28,15,3,9,208
Jordan Bone,9,5,2,1,0,0,1,0,0,2,20
Louis King,1,12,1,0,0,1,1,1,1,4,22
Nassir Little,8,53,30,8,2,5,26,31,4,4,171
Cody Martin,46,68,44,4,4,3,7,28,7,16,227
P.J. Washington,10,182,73,22,118,114,53,42,7,7,628
Carsen Edwards,50,41,20,7,0,4,1,5,43,14,185
Tremont Waters,57,6,12,19,0,0,1,2,4,4,105
Jalen Lecque,5,6,1,1,0,0,0,0,1,2,16
Jared Harper,2,3,0,1,0,1,0,0,0,0,7
Tyler Herro,296,124,82,30,3,10,23,14,73,110,765
Chris Silva,0,7,9,1,3,21,28,53,0,0,122
Rui Hachimura,4,105,71,23,42,53,65,49,4,2,418
Daniel Gafford,2,1,17,0,5,44,48,49,0,0,166
Matt Thomas,18,43,18,2,0,1,2,5,26,4,119
Oshae Brissett,6,23,15,5,0,2,7,10,0,0,68
Paul Watson,4,2,2,0,0,0,0,0,1,0,9
Tariq Owens,0,3,0,0,0,0,0,2,0,0,5
Rayjon Tucker,6,12,8,2,0,2,3,2,4,1,40
Juwan Morgan,0,7,2,0,1,3,1,3,0,0,17
Eric Mika,0,0,0,0,0,2,1,2,0,0,5
Keldon Johnson,2,4,3,0,0,0,0,1,1,2,13
Tacko Fall,0,1,1,0,10,8,6,2,0,0,28
Cameron Reddish,189,179,112,23,0,2,19,30,12,73,639
Charles Brown,10,22,14,2,0,1,0,4,2,6,61
T.J. Warren,222,198,165,40,31,2,69,46,80,54,907
Goga Bitadze,0,17,8,0,5,55,25,20,0,1,131
Terance Mann,67,20,17,11,3,1,7,10,0,5,141
Michael Porter Jr.,19,62,66,19,6,5,44,46,32,20,319
Ty Jerome,75,31,9,5,0,0,2,5,0,8,135
John Konchar,8,3,1,0,0,0,1,2,1,2,18
Justin James,19,31,23,3,1,0,9,8,13,12,119
Isaiah Roby,0,1,5,3,0,6,2,6,0,2,25
Marko Guduric,87,68,41,17,1,1,3,14,9,17,258
Anzejs Pasecniks,0,7,11,2,10,36,38,40,0,1,145
Admiral Schofield,0,49,23,2,6,10,10,9,1,0,110
Tyler Cook,0,1,2,0,3,4,3,3,0,0,16
Chris Clemons,61,53,37,38,0,4,10,5,14,20,242
Kevin Hervey,0,3,0,0,0,0,0,0,0,2,5
Vic Law,0,1,1,0,0,0,0,0,0,0,2
Nicolas Claxton,0,13,12,2,1,23,14,21,0,0,86
Kyle Guy,9,7,7,0,0,0,0,0,3,0,26
DaQuan Jeffries,1,7,0,0,0,0,0,1,0,2,11
Jaylen Hoard,3,5,11,3,1,3,1,14,0,2,43
Moses Brown,0,0,6,2,3,7,7,5,0,0,30
Matt Mooney,0,1,1,0,0,0,0,0,0,0,2
Ky Bowman,238,57,50,27,0,0,12,19,18,42,463
Cameron Johnson,27,125,63,0,0,5,24,35,27,19,325
Norvel Pelle,0,1,4,0,3,13,14,14,0,0,49
Alen Smailagic,2,8,4,6,7,5,3,7,1,0,43
Dean Wade,0,2,6,1,0,3,3,2,0,0,17
Zylan Cheatham,0,2,3,0,1,1,2,4,0,0,13
Nigel Williams-Goss,27,13,5,2,1,1,0,3,1,1,54
Ignas Brazdeikis,6,14,1,1,2,0,0,2,2,3,31
Garrison Mathews,4,43,21,1,1,1,1,7,17,13,109
Amir Coffey,11,7,7,0,0,0,0,0,0,0,25
Josh Reaves,9,5,5,1,1,0,3,2,4,1,31
Justin Robinson,33,11,4,2,0,0,1,2,4,3,60
Shamorie Ponds,8,0,5,3,0,0,1,0,0,1,18
Mfiondu Kabengele,0,10,5,1,5,7,5,3,1,0,37
Jalen McDaniels,1,2,2,0,0,0,1,1,0,0,7
Caleb Martin,13,16,14,4,0,1,4,6,4,8,70
Talen Horton-Tucker,0,1,0,2,0,0,0,0,0,0,3
Devon Hall,21,7,4,0,0,0,0,0,1,3,36
Jarrell Brantley,2,3,5,0,2,1,1,1,0,1,16
Dewan Hernandez,0,0,7,0,1,4,7,8,0,0,27
Al-Farouq Aminu,11,54,27,4,16,7,14,28,2,9,172
Miye Oni,6,8,4,0,0,0,0,0,0,2,20
Max Strus,1,13,5,1,0,0,0,4,2,1,27
Brian Bowen II,0,1,1,0,1,0,0,1,2,0,6
Stanton Kidd,1,15,4,0,0,0,2,0,1,0,23
Zach Norvell Jr.,14,19,9,5,0,1,1,4,9,8,70
KZ Okpala,2,7,4,0,0,2,0,1,0,1,17
Devontae Cacok,0,5,10,1,4,8,16,13,0,1,58
Marcus Allen,1,3,1,0,0,0,1,0,0,1,7
Juan Toscano-Anderson,2,2,4,0,0,0,2,2,0,0,12
Kavion Pippen,0,1,2,0,1,2,2,3,0,0,11
Quinndary Weatherspoon,4,3,1,1,0,0,0,1,0,0,10
Luka Samanic,0,0,1,0,1,1,0,1,0,0,4
Keljin Blevins,2,2,1,0,1,0,0,1,1,0,8
Armoni Brooks,10,5,6,0,0,0,1,0,2,3,27
Justin Simon,9,9,4,1,2,2,2,6,0,1,36
Jo Lual-Acuil,3,8,2,2,2,1,0,6,0,0,24
Melo Trimble,41,3,5,4,0,0,0,0,1,4,58
Dillon Stith,1,4,2,0,0,0,1,0,0,1,9
Robert Franks,1,4,2,0,0,1,0,1,1,0,10
Ahmed Hill,2,3,3,1,0,1,0,0,0,1,11
Todd Withers,0,0,0,0,0,0,0,0,0,0,0
Marques Bolden,0,0,0,0,0,4,2,3,0,0,9
Donta Hall,0,0,0,0,0,2,0,2,0,0,4
Norense Odiase,0,1,0,0,0,0,0,0,0,0,1
Dakota Mathias,3,3,3,0,0,1,0,1,5,2,18
Jonathan Mor,0,2,1,1,0,5,3,0,0,0,12
Scott Suggs,6,5,1,5,0,0,0,0,4,1,22
Roman Sorkin,0,0,2,1,0,1,0,2,0,0,6
David Cohn,1,0,0,0,0,0,0,0,0,0,1
Jordan Murphy,0,1,3,0,0,0,0,1,0,0,5
Gil Amitay,1,0,1,0,0,0,0,0,0,0,2
Lindell Wigginton,2,0,2,0,0,0,1,0,2,0,7
Isaiah Miles,0,1,1,0,0,0,0,0,0,0,2
Christ Koumadje,0,0,0,0,0,0,1,3,0,0,4
Sagaba Konate,0,0,0,1,0,0,2,0,0,0,3
Phil Booth,8,9,4,3,0,0,3,1,0,1,29
Luke Maye,0,6,1,0,0,0,1,1,0,0,9
Yudai Baba,5,1,4,0,0,0,1,0,0,1,12
William Howard,5,4,3,0,0,0,1,0,2,1,16
Jalen Adams,1,0,0,0,0,0,0,0,3,1,5
Javon Bess,1,1,0,0,0,0,0,1,0,1,4
Josh Perkins,10,1,3,1,0,0,0,0,0,0,15
Perrion Callandret,1,0,1,0,0,0,0,0,0,0,2
Simisola Shittu,0,0,1,0,0,0,0,0,0,0,1
James Palmer Jr.,7,5,7,0,0,0,0,0,0,0,19
Terry Larrier,1,6,3,0,0,0,0,0,0,1,11
Robert Loe,0,5,2,0,2,10,4,5,0,0,28
RJ Hampton,24,4,4,3,0,0,1,1,0,2,39
Sek Henry,17,4,1,2,0,0,0,0,2,1,27
Ater Majok,0,2,0,0,0,5,2,0,0,0,9
Ethan Rusbatch,0,3,1,0,0,0,0,0,0,1,5
Thomas Vodanovich,0,2,0,0,0,2,0,0,0,0,4
Jordan Ngatai,0,0,0,0,0,0,0,1,0,0,1
Justin Wright-Foreman,11,4,1,1,0,0,0,1,0,1,19
Trevon Bluiett,2,1,0,0,0,0,0,0,0,0,3
Mychal Mulder,0,4,0,0,0,0,0,0,2,0,6
Kyle Alexander,0,0,0,0,0,0,0,1,0,0,1
Aric Holman,0,3,1,0,0,1,0,2,0,0,7
Yifeng Heng,2,5,1,0,0,0,0,1,0,1,10
Yongpeng Zhang,0,2,0,0,1,0,1,1,0,0,5
CJ Harris,26,6,3,2,0,0,0,0,3,0,40
Kun Si,0,0,0,0,0,0,1,1,0,0,2
Tianyi Yao,3,1,0,1,0,0,0,0,0,0,5
Yuheng Tian,1,0,1,0,0,0,0,0,1,0,3
Mingyang Sun,0,2,0,1,1,1,1,0,0,0,6
Dedric Lawson,0,1,1,0,0,0,0,0,0,0,2
Fengbo Liu,1,0,0,0,0,0,0,1,0,0,2
Yuezhou Gu,0,0,0,0,0,0,0,1,0,0,1
Hanlin Dong,0,1,0,0,3,0,1,0,0,0,5
Hanchen Luo,14,4,2,3,0,0,2,0,1,2,28
Mingxin Ju,3,5,8,2,3,0,2,1,0,2,26
Chun-jun Zhang,0,0,1,0,0,0,0,2,0,0,3
Tong Wang,0,0,1,0,0,0,2,0,0,0,3
Ramone Moore,4,1,2,0,0,0,1,0,1,2,11
Jerome Randall,18,0,2,5,0,0,0,0,0,0,25
Daniel Johnson,0,0,4,1,2,3,1,2,0,0,13
Anthony Drmic,2,1,0,0,0,0,1,0,2,0,6
Daniel Dillon,12,1,1,1,0,0,0,0,0,3,18
Deshon Taylor,1,2,0,0,0,1,0,0,1,0,5
Kevin White,1,1,0,0,0,0,0,0,0,0,2
Jack McVeigh,4,0,0,1,0,0,1,1,2,1,10
Harry Froling,0,3,1,0,1,6,0,0,0,0,11
Brendan Teys,1,1,2,0,1,0,0,1,0,0,6
Obi Kyei,0,1,0,1,1,0,1,1,0,0,5
Alex Mudronja,1,0,1,0,0,0,0,0,0,0,2
Rafael Hettsheimeir,0,4,0,0,5,9,0,0,0,0,18
Jimmy de Oliveira,8,5,1,1,0,0,1,2,0,0,18
Luciano Parodi,10,1,1,3,0,0,0,0,1,1,17
David Jackson,17,2,1,0,0,0,2,0,4,1,27
Elio Neto,10,2,0,0,0,0,0,0,0,0,12
Lucas Dias,0,4,1,0,5,1,0,1,1,0,13
Carlos Schattmann,6,0,1,0,0,0,0,0,4,0,11
Lucas Cipolini,0,3,2,0,2,0,0,4,0,0,11
Guilherme Braga,1,0,0,0,0,0,0,1,0,0,2
Augusto Alcassa,0,0,0,0,1,1,0,0,0,0,2
Xudong Luo,4,2,0,1,0,0,0,0,0,0,7
Yongsheng Wu,0,1,0,0,0,0,0,0,0,1,2
Lingyuan Meng,2,0,0,0,0,0,0,0,1,0,3
